<?xml-stylesheet href='' type='text/xsl'?>
<metadata>
  <idinfo>
    <citation>
      <citeinfo>
        <origin>Hood, Sharon M.</origin>
        <origin>Crotteau, Justin S.</origin>
        <pubdate>2023</pubdate>
        <title>Vegetation and fuels data from the Fire &amp; Fire Surrogate Study in western Montana: 20-year summary</title>
        <geoform>tabular digital data</geoform>
        <pubinfo>
          <pubplace>Fort Collins, CO</pubplace>
          <publish>Forest Service Research Data Archive</publish>
        </pubinfo>
        <onlink>https://doi.org/10.2737/RDS-2023-0063</onlink>
      </citeinfo>
    </citation>
    <descript>
      <abstract>This data publication contains vegetation and fuels measurements from 2001-2022 at the Lubrecht Fire &amp; Fire Surrogate Study Site, which was established in 2000 and includes four treatments: an untreated control, prescribed burn, a thinning, and a thinning followed by prescribed burn. This study site is located at the University of Montana's Lubrecht Experimental Forest in western Montana, approximately 50 kilometers east of Missoula. Data span 20 years from pre-treatment in 2001 through 2022, 20 years post-treatment. The publication includes six tabular data sets (comma-separated values (CSV) files): 1) tree level data (≥ 10.16 centimeter (cm) diameter at breast height (DBH), 2) plot level sapling density by species and diameter class, 3) plot level seedling density by species and height class, 4) plot level understory vegetation cover, 5) plot level fuel loading, and 6) plot level aboveground carbon stocks and potential fire severity (i.e., predicted tree mortality if a fire occurs).</abstract>
      <purpose>The purpose of this study was to examine the long-term (15-20 year) treatment effects (i.e., forest vegetation, fuels, potential fire severity, and carbon dynamics) of prescribed fire and mechanical thinning, as a way to reduce high-severity wildfire and restore ponderosa pine forests.</purpose>
      <supplinf>For more information about this study and these data, see Hood et al. (2024).
	  
These data were published on 12/01/2023. On 01/17/2024, the metadata was updated to include reference to a newly published article.</supplinf>
    </descript>
    <timeperd>
      <timeinfo>
        <rngdates>
          <begdate>2001</begdate>
          <enddate>2022</enddate>
        </rngdates>
      </timeinfo>
      <current>Ground condition</current>
    </timeperd>
    <status>
      <progress>Complete</progress>
      <update>None planned</update>
    </status>
    <spdom>
      <bounding>
        <eastbc>-113.40</eastbc>
        <westbc>-113.46</westbc>
        <northbc>46.91</northbc>
        <southbc>46.89</southbc>
        <boundalt>
          <altmax>1500</altmax>
          <altmin>1100</altmin>
          <altunits>meters</altunits>
        </boundalt>
      </bounding>
      <descgeog>The study site is located on the University of Montana’s Lubrecht Experimental Forest in western Montana, USA (46°53’N, 113°26’W) and is part of a national program to study the effects of silvicultural methods designed to reduce fire hazard in forests with a historical frequent, low-to-moderate severity fire regime (Stephens et al. 2009). Mean annual temperature is 7 degrees Celsius (°C), ranging from a mean minimum of 0°C and maximum of 13°C. The area receives an average of 50 centimeters (cm) of precipitation annually, about half in the form of snow (Fiedler et al. 2010). Our study site is located in a second-growth forest that established after widespread harvesting in the late 1800s to early 1900s. The forest is dominated by ponderosa pine (Pinus ponderosa Lawson &amp; C. Lawson var. ponderosa C. Lawson) and Douglas-fir (Pseudotsuga menziesii [Mirbel] Franco var. glauca [Beissn.] Franco), with scattered western larch (Larix occidentalis Nutt) and lodgepole pine (Pinus contorta Douglas ex Louden). The historical mean fire return interval was 7 years (range of 2 to 14 years), but fire frequency greatly declined after 1871 (Grissino-Mayer et al. 2006). The study site had not burned since the late 1800s, although there was moderate grazing throughout the 1900s (Gundale et al. 2005).


Stephens, Scott L.; Moghaddas, Jason J.; Edminster, Carl; Fiedler, Carl E.; Haase, Sally; Harrington, Michael G.; Keeley, Jon E.; Knapp, Eric E.; McIver, James D.; Metlen, Kerry L.; Skinner, Carl N.; Youngblood, Andrew. 2009. Fire treatment effects on vegetation structure, fuels, and potential fire severity in western U.S. forests. Ecological Applications. 19(2): 305-320. https://doi.org/10.1890/07-1755.1 and https://www.fs.usda.gov/research/treesearch/32027

Fiedler, Carl E.; Metlen, Kerry L.; Dodson, Erich K. 2010. Restoration treatment effects on stand structure, tree growth, and fire hazard in a ponderosa pine/Douglas-fir forest in Montana. Forest Science. 56(1): 18-31.

Grissino-Mayer Henri D.; Gentry Christopher M.; Croy Steve; Hiatt John; Osborne Ben; Stan, Amanda; Wight Georgina DeWeese. 2006. Fire history of western Montana forested landscapes via tree-ring analyses. Professional Paper No. 23, 47-56.

Gundale, Michael J.; DeLuca, Thomas H.; Fiedler, Carl E.; Ramsey, Philip W.; Harrington, Michael G.; Gannon, James E. 2005. Restoration treatments in a Montana ponderosa pine forest: effects on soil physical, chemical and biological properties. Forest Ecology and Management. 213(1-3): 25-38. https://doi.org/10.1016/j.foreco.2005.03.015</descgeog>
    </spdom>
    <keywords>
      <theme>
        <themekt>ISO 19115 Topic Category</themekt>
        <themekey>biota</themekey>
        <themekey>environment</themekey>
      </theme>
      <theme>
        <themekt>National Research &amp; Development Taxonomy</themekt>
        <themekey>Fire</themekey>
        <themekey>Fire ecology</themekey>
        <themekey>Fire suppression, pre-suppression</themekey>
        <themekey>Prescribed fire</themekey>
        <themekey>Inventory, Monitoring, &amp; Analysis</themekey>
        <themekey>Assessments</themekey>
        <themekey>Resource inventory</themekey>
        <themekey>Natural Resource Management &amp; Use</themekey>
        <themekey>Forest management</themekey>
        <themekey>Restoration</themekey>
      </theme>
      <theme>
        <themekt>None</themekt>
        <themekey>vegetation measurements </themekey>
        <themekey>fuels measurements</themekey>
        <themekey>fuel treatments</themekey>
        <themekey>ponderosa pine</themekey>
        <themekey>forest restoration</themekey>
        <themekey>Joint Fire Science Program</themekey>
        <themekey>JFSP</themekey>
      </theme>
      <place>
        <placekt>None</placekt>
        <placekey>Lubrecht Experimental Forest</placekey>
        <placekey>Montana</placekey>
        <placekey>Lubrecht Fire-Fire Surrogate Study Site</placekey>
      </place>
    </keywords>
    <taxonomy>
      <keywtax>
        <taxonkt>None</taxonkt>
        <taxonkey>plants</taxonkey>
        <taxonkey>vegetation</taxonkey>
        <taxonkey>multiple species</taxonkey>
        <taxonkey>Pinus ponderosa</taxonkey>
        <taxonkey>ponderosa pine</taxonkey>
        <taxonkey>Pseudotsuga menziesii</taxonkey>
        <taxonkey>Douglas-fir</taxonkey>
        <taxonkey>Juniperus scopulorum</taxonkey>
        <taxonkey>Rocky Mountain juniper</taxonkey>
        <taxonkey>Larix occidentalis</taxonkey>
        <taxonkey>western larch</taxonkey>
        <taxonkey>Pinus contorta</taxonkey>
        <taxonkey>lodgepole pine</taxonkey>
        <taxonkey>Populus tremuloides</taxonkey>
        <taxonkey>quaking aspen</taxonkey>
      </keywtax>
      <taxonsys>
        <classsys>
          <classcit>
            <citeinfo>
              <origin>ITIS</origin>
              <pubdate>2023</pubdate>
              <title>Integrated Taxonomic Information System</title>
              <geoform>on-line database</geoform>
              <othercit>[December, 1, 2023]; CC0</othercit>
              <onlink>https://www.itis.gov</onlink>
              <onlink>https://doi.org/10.5066/F7KH0KBK</onlink>
            </citeinfo>
          </classcit>
        </classsys>
      </taxonsys>
      <taxoncl>
        <taxonrn>Kingdom</taxonrn>
        <taxonrv>Plantae</taxonrv>
        <common>plantes</common>
        <common>Planta</common>
        <common>Vegetal</common>
        <common>plants</common>
        <taxoncl>
          <taxonrn>Subkingdom</taxonrn>
          <taxonrv>Viridiplantae</taxonrv>
          <common>green plants</common>
          <taxoncl>
            <taxonrn>Infrakingdom</taxonrn>
            <taxonrv>Streptophyta</taxonrv>
            <common>land plants</common>
            <taxoncl>
              <taxonrn>Superdivision</taxonrn>
              <taxonrv>Embryophyta</taxonrv>
              <taxoncl>
                <taxonrn>Division</taxonrn>
                <taxonrv>Tracheophyta</taxonrv>
                <common>vascular plants</common>
                <common>tracheophytes</common>
                <taxoncl>
                  <taxonrn>Subdivision</taxonrn>
                  <taxonrv>Spermatophytina</taxonrv>
                  <common>spermatophytes</common>
                  <common>seed plants</common>
                  <common>phanérogames</common>
                  <taxoncl>
                    <taxonrn>Class</taxonrn>
                    <taxonrv>Magnoliopsida</taxonrv>
                    <taxoncl>
                      <taxonrn>Superorder</taxonrn>
                      <taxonrv>Rosanae</taxonrv>
                      <taxoncl>
                        <taxonrn>Order</taxonrn>
                        <taxonrv>Malpighiales</taxonrv>
                        <taxoncl>
                          <taxonrn>Family</taxonrn>
                          <taxonrv>Salicaceae</taxonrv>
                          <common>willows</common>
                          <common>saules</common>
                          <taxoncl>
                            <taxonrn>Genus</taxonrn>
                            <taxonrv>Populus</taxonrv>
                            <common>cottonwood</common>
                            <taxoncl>
                              <taxonrn>Species</taxonrn>
                              <taxonrv>Populus tremuloides</taxonrv>
                              <common>quaking aspen</common>
                            </taxoncl>
                          </taxoncl>
                        </taxoncl>
                      </taxoncl>
                    </taxoncl>
                  </taxoncl>
                  <taxoncl>
                    <taxonrn>Class</taxonrn>
                    <taxonrv>Pinopsida</taxonrv>
                    <common>conifers</common>
                    <taxoncl>
                      <taxonrn>Subclass</taxonrn>
                      <taxonrv>Pinidae</taxonrv>
                      <taxoncl>
                        <taxonrn>Order</taxonrn>
                        <taxonrv>Pinales</taxonrv>
                        <common>pines</common>
                        <taxoncl>
                          <taxonrn>Family</taxonrn>
                          <taxonrv>Pinaceae</taxonrv>
                          <common>pines</common>
                          <taxoncl>
                            <taxonrn>Genus</taxonrn>
                            <taxonrv>Pinus</taxonrv>
                            <common>pine</common>
                            <taxoncl>
                              <taxonrn>Species</taxonrn>
                              <taxonrv>Pinus contorta</taxonrv>
                              <common>lodgepole pine</common>
                              <common>scrub pine</common>
                              <common>shore pine</common>
                              <common>tamarack pine</common>
                            </taxoncl>
                            <taxoncl>
                              <taxonrn>Species</taxonrn>
                              <taxonrv>Pinus ponderosa</taxonrv>
                              <common>ponderosa pine</common>
                              <common>bull pine</common>
                              <common>western yellow pine</common>
                              <common>blackjack pine</common>
                              <common>pinabete</common>
                              <common>rock pine</common>
                            </taxoncl>
                          </taxoncl>
                          <taxoncl>
                            <taxonrn>Genus</taxonrn>
                            <taxonrv>Larix</taxonrv>
                            <common>larch</common>
                            <taxoncl>
                              <taxonrn>Species</taxonrn>
                              <taxonrv>Larix occidentalis</taxonrv>
                              <common>hackmatack</common>
                              <common>Montana larch</common>
                              <common>mountain larch</common>
                              <common>western tamarack</common>
                              <common>western larch</common>
                            </taxoncl>
                          </taxoncl>
                          <taxoncl>
                            <taxonrn>Genus</taxonrn>
                            <taxonrv>Pseudotsuga</taxonrv>
                            <common>Douglas-fir</common>
                            <taxoncl>
                              <taxonrn>Species</taxonrn>
                              <taxonrv>Pseudotsuga menziesii</taxonrv>
                              <common>red fir</common>
                              <common>Douglas spruce</common>
                              <common>Oregon pine</common>
                              <common>Douglas-fir</common>
                            </taxoncl>
                          </taxoncl>
                        </taxoncl>
                        <taxoncl>
                          <taxonrn>Family</taxonrn>
                          <taxonrv>Cupressaceae</taxonrv>
                          <common>cypress</common>
                          <common>redwood</common>
                          <taxoncl>
                            <taxonrn>Genus</taxonrn>
                            <taxonrv>Juniperus</taxonrv>
                            <common>juniper</common>
                            <common>cedar</common>
                            <common>cedro</common>
                            <common>redcedar</common>
                            <common>sabino</common>
                            <taxoncl>
                              <taxonrn>Species</taxonrn>
                              <taxonrv>Juniperus scopulorum</taxonrv>
                              <common>enebro riparío</common>
                              <common>Rocky Mountain juniper</common>
                            </taxoncl>
                          </taxoncl>
                        </taxoncl>
                      </taxoncl>
                    </taxoncl>
                  </taxoncl>
                </taxoncl>
              </taxoncl>
            </taxoncl>
          </taxoncl>
        </taxoncl>
      </taxoncl>
    </taxonomy>
    <accconst>None</accconst>
    <useconst>These data were collected using funding from the U.S. Government and can be used without additional permissions or fees. If you use these data in a publication, presentation, or other research product please use the following citation: 

Hood, Sharon M.; Crotteau, Justin S. 2023. Vegetation and fuels data from the Fire &amp; Fire Surrogate Study in western Montana: 20-year summary. Fort Collins, CO: Forest Service Research Data Archive. https://doi.org/10.2737/RDS-2023-0063</useconst>
    <ptcontac>
      <cntinfo>
        <cntorgp>
          <cntorg>USDA Forest Service, Rocky Mountain Research Station</cntorg>
          <cntper>Sharon Hood</cntper>
        </cntorgp>
        <cntaddr>
          <addrtype>mailing and physical</addrtype>
          <address>Fire Sciences Lab</address>
          <address>5775 US Highway 10 W</address>
          <city>Missoula</city>
          <state>MT</state>
          <postal>59808</postal>
          <country>USA</country>
        </cntaddr>
        <cntvoice>406-329-4818</cntvoice>
        <cntpos>Research Ecologist</cntpos>
        <cntemail>sharon.hood@usda.gov</cntemail>
        <cntinst>This contact information was current as of original publication date. For current information see Contact Us page on: https://doi.org/10.2737/RDS.</cntinst>
      </cntinfo>
    </ptcontac>
    <datacred>Funding for this project provided by Joint Fire Science Program (JFSP # 21-S-01-1 and 99-S-01): https://www.firescience.gov. Additional funding was provided by the USDA Forest Service, Rocky Mountain Research Station (Fire, Fuel, and Smoke Science Program, as well as the Forest and Woodland Ecosystems Program).
	
	
Author Information:

Sharon M. Hood
USDA Forest Service, Rocky Mountain Research Station
https://orcid.org/0000-0002-9544-8208

Justin S. Crotteau
USDA Forest Service, Rocky Mountain Research Station
https://orcid.org/0000-0001-8889-822X
</datacred>
    <crossref>
      <citeinfo>
        <origin>Hood, Sharon M.</origin>
        <origin>Crotteau, Justin S.</origin>
        <origin>Cleveland, Cory C.</origin>
        <pubdate>2024</pubdate>
        <title>Long-term efficacy of fuel reduction and restoration treatments in Northern Rockies dry forests</title>
        <geoform>journal article</geoform>
        <serinfo>
          <sername>Ecological Applications</sername>
          <issue>e2940</issue>
        </serinfo>
        <onlink>https://doi.org/10.1002/eap.2940</onlink>
      </citeinfo>
    </crossref>
    <crossref>
      <citeinfo>
        <origin>Crotteau, Justin S.</origin>
        <origin>Keyes, Christopher R.</origin>
        <origin>Hood, Sharon M.</origin>
        <origin>Larson, Andrew J.</origin>
        <pubdate>2019</pubdate>
        <title>Vegetation data following the Fire and Fire Surrogate Study in western Montana</title>
        <geoform>tabular digital data</geoform>
        <pubinfo>
          <pubplace>Fort Collins, CO</pubplace>
          <publish>Forest Service Research Data Archive</publish>
        </pubinfo>
        <onlink>https://doi.org/10.2737/RDS-2019-0040</onlink>
      </citeinfo>
    </crossref>
    <crossref>
      <citeinfo>
        <origin>Hood, Sharon M.</origin>
        <pubdate>2016</pubdate>
        <title>Data supporting publication of fortifying the forest: thinning and burning increase resistance to a bark beetle outbreak and promote forest resilience</title>
        <geoform>tabular digital data</geoform>
        <pubinfo>
          <pubplace>Fort Collins, CO</pubplace>
          <publish>Forest Service Research Data Archive</publish>
        </pubinfo>
        <onlink>https://doi.org/10.2737/RDS-2016-0010</onlink>
      </citeinfo>
    </crossref>
    <crossref>
      <citeinfo>
        <origin>McIver, James D.</origin>
        <origin>Stephens, Scott L.</origin>
        <origin>Agee, James K.</origin>
        <origin>Barbour, Jamie</origin>
        <origin>Boerner, Ralph E. J.</origin>
        <origin>Edminster, Carl B.</origin>
        <origin>Erickson, Karen L.</origin>
        <origin>Farris, Kerry L.</origin>
        <origin>Fettig, Christopher J.</origin>
        <origin>Fiedler, Carl E.</origin>
        <origin>Haase, Sally</origin>
        <origin>Hart, Stephen C.</origin>
        <origin>Keeley, Jon E.</origin>
        <origin>Knapp, Eric E.</origin>
        <origin>Lehmkuhl, John F.</origin>
        <origin>Moghaddas, Jason J.</origin>
        <origin>Otrosina, William</origin>
        <origin>Outcalt, Kenneth W.</origin>
        <origin>Schwilk, Dylan W.</origin>
        <origin>Skinner, Carl N.</origin>
        <origin>Waldrop, Thomas A.</origin>
        <origin>Weatherspoon, C. Phillip</origin>
        <origin>Yaussy, Daniel A.</origin>
        <origin>Youngblood, Andrew</origin>
        <origin>Zack, Steve</origin>
        <pubdate>2016</pubdate>
        <title>Data for National Fire and Fire Surrogate study: environmental effects of alternative fuel reduction treatments</title>
        <geoform>tabular digital data</geoform>
        <pubinfo>
          <pubplace>Fort Collins, CO</pubplace>
          <publish>Forest Service Research Data Archive</publish>
        </pubinfo>
        <onlink>https://doi.org/10.2737/RDS-2016-0009</onlink>
      </citeinfo>
    </crossref>
    <crossref>
      <citeinfo>
        <origin>Metlen, Kerry L.</origin>
        <origin>Fiedler, Carl E.</origin>
        <pubdate>2006</pubdate>
        <title>Restoration treatment effects on the understory of ponderosa pine/Douglas-fir forests in western Montana, USA</title>
        <geoform>journal article</geoform>
        <serinfo>
          <sername>Forest Ecology and Management</sername>
          <issue>222(1-3): 355-369</issue>
        </serinfo>
        <onlink>https://doi.org/10.1016/j.foreco.2005.10.037</onlink>
      </citeinfo>
    </crossref>
    <crossref>
      <citeinfo>
        <origin>Fiedler, Carl E.</origin>
        <origin>Metlen, Kerry L.</origin>
        <origin>Dodson, Erich K.</origin>
        <pubdate>2010</pubdate>
        <title>Restoration treatment effects on stand structure, tree growth, and fire hazard in a ponderosa pine/Douglas-fir forest in Montana</title>
        <geoform>journal article</geoform>
        <serinfo>
          <sername>Forest Science</sername>
          <issue>56(1): 18-31</issue>
        </serinfo>
      </citeinfo>
    </crossref>
    <crossref>
      <citeinfo>
        <origin>Six, Diana L.</origin>
        <origin>Skov, Kjerstin</origin>
        <pubdate>2009</pubdate>
        <title>Response of bark beetles and their natural enemies to fire and fire surrogate treatments in mixed-conifer forests in western Montana</title>
        <geoform>journal article</geoform>
        <serinfo>
          <sername>Forest Ecology and Management</sername>
          <issue>258(5): 761-772</issue>
        </serinfo>
        <onlink>https://doi.org/10.1016/j.foreco.2009.05.016</onlink>
      </citeinfo>
    </crossref>
    <crossref>
      <citeinfo>
        <origin>Hood, Sharon M.</origin>
        <origin>Baker, Stephen</origin>
        <origin>Sala, Anna</origin>
        <pubdate>2016</pubdate>
        <title>Fortifying the forest: Thinning and burning increase resistance to a bark beetle outbreak and promote forest resilience</title>
        <geoform>journal article</geoform>
        <serinfo>
          <sername>Ecological Applications</sername>
          <issue>26(7): 1984-2000</issue>
        </serinfo>
        <onlink>https://doi.org/10.1002/eap.1363</onlink>
        <onlink>https://www.fs.usda.gov/research/treesearch/52818</onlink>
      </citeinfo>
    </crossref>
    <crossref>
      <citeinfo>
        <origin>Gundale, Michael J.</origin>
        <origin>DeLuca, Thomas H.</origin>
        <origin>Fiedler, Carl E.</origin>
        <origin>Ramsey, Philip W.</origin>
        <origin>Harrington, Michael G.</origin>
        <origin>Gannon, James E.</origin>
        <pubdate>2005</pubdate>
        <title>Restoration treatments in a Montana ponderosa pine forest: effects on soil physical, chemical and biological properties</title>
        <geoform>journal article</geoform>
        <serinfo>
          <sername>Forest Ecology and Management</sername>
          <issue>213(1-3): 25-38</issue>
        </serinfo>
        <onlink>https://doi.org/10.1016/j.foreco.2005.03.015</onlink>
      </citeinfo>
    </crossref>
    <crossref>
      <citeinfo>
        <origin>Ganzlin, Peter W.</origin>
        <origin>Gundale, Michael J.</origin>
        <origin>Becknell, Rachel E.</origin>
        <origin>Cleveland, Cory C.</origin>
        <pubdate>2016</pubdate>
        <title>Forest restoration treatments have subtle long-term effects on soil C and N cycling in mixed conifer forests</title>
        <geoform>journal article</geoform>
        <serinfo>
          <sername>Ecological Applications</sername>
          <issue>26(5): 1503-1516</issue>
        </serinfo>
        <onlink>https://doi.org/10.1002/15-1100</onlink>
      </citeinfo>
    </crossref>
    <crossref>
      <citeinfo>
        <origin>Crotteau, Justin S.</origin>
        <origin>Keyes, Christopher R.</origin>
        <origin>Hood, Sharon M.</origin>
        <origin>Affleck, David L. R.</origin>
        <origin>Sala, Anna</origin>
        <pubdate>2018</pubdate>
        <title>Fuel dynamics after a bark beetle outbreak impacts experimental fuel treatments</title>
        <geoform>journal article</geoform>
        <serinfo>
          <sername>Fire Ecology</sername>
          <issue>14(2): 165-</issue>
        </serinfo>
        <onlink>https://doi.org/10.1186/s42408-018-0016-6</onlink>
        <onlink>https://www.fs.usda.gov/research/treesearch/57736</onlink>
      </citeinfo>
    </crossref>
    <crossref>
      <citeinfo>
        <origin>Crotteau, Justin S.</origin>
        <origin>Keyes, Christopher R.</origin>
        <origin>Hood, Sharon M.</origin>
        <origin>Larson, Andrew J.</origin>
        <pubdate>2020</pubdate>
        <title>Vegetation dynamics following compound disturbance in a dry pine forest: Fuel treatment then bark beetle outbreak</title>
        <geoform>journal article</geoform>
        <serinfo>
          <sername>Ecological Applications</sername>
          <issue>30(2): e02023</issue>
        </serinfo>
        <onlink>https://doi.org/10.1002/eap.2023</onlink>
        <onlink>https://www.fs.usda.gov/research/treesearch/59997</onlink>
      </citeinfo>
    </crossref>
    <tool>
      <tooldesc>FFE-FVS: The Fire and Fuels Extension (FFE) to the Forest Vegetation Simulator (FVS) simulates fuel dynamics and potential fire behavior over time, in the context of stand development and management (Reinhardt and Crookston 2003, Reinhardt et al. 2009).


Dixon, Gary E. 2018. Essential FVS: A user's guide to the forest vegetation simulator. Compiled 2002., Internal Rep. Fort Collins, CO: U. S. Department of Agriculture, Forest Service, Forest Management Service Center. 226p.

Reinhardt, Elizabeth; Crookston, Nicholas L. 2003. The Fire and Fuels Extension to the Forest Vegetation Simulator. General Technical Report. RMRS-GTR-116. Ogden, UT: U.S. Department of Agriculture, Forest Service, Rocky Mountain Research Station. 209 p. https://doi.org/10.2737/RMRS-GTR-116

Reinhardt, Elizabeth; Crookston, Nicholas L.; Regain, Stephanie A. 2009. The Fire and Fuels Extension to the Forest Vegetation Simulator: addendum to RMRS-GTR-116. Ogden, UT: U.S. Department of Agriculture, Forest Service, Rocky Mountain Research Station. 244 p.
</tooldesc>
      <toolacc>
        <toolinst>see website for details</toolinst>
        <onlink>https://www.fs.usda.gov/fvs/</onlink>
      </toolacc>
    </tool>
  </idinfo>
  <dataqual>
    <attracc>
      <attraccr>Data were collected by trained crews and have been checked for accuracy. Any data collection errors detected in subsequent measurement years were corrected in the data files. The methodology section below also has additional information on attribute accuracy for these data.
	  
For complete details, see Hood et al. (2024).	  

Hood, Sharon M.; Crotteau, Justin S.; Cleveland, Cory C. 2024. Long-term efficacy of fuel reduction and restoration treatments in Northern Rockies dry forests. Ecological Applications. e2940. https://doi.org/10.1002/eap.2940</attraccr>
    </attracc>
    <logic>All data were collected within the same block, unit, and plots. Plot identification and tree numbers are consistent throughout the data sets.</logic>
    <complete>Not all data were collected at each time step, so the number of sampling events varies throughout the data. There were some instances where data from individual trees were inadvertently not collected, in these cases the data cells were left as blank cells. Fuels data were accidently not collected in 2022 in Block 2, mechanical treatment, plots 29 and 33. At each timestep where tree diameter was measured, we tagged new trees that had grown to 10.16 cm or greater diameter. These in-growth trees have blank values for diameters in prior sampling years because they were not large enough to be in the tree class.</complete>
    <lineage>
      <method>
        <methdesc>EXPERIMENTAL DESIGN AND TREATMENT DESCRIPTION

Three, 36-hectare (ha) blocks consisting of 4, 9-ha units each were established in 2000. This study was a randomized complete block design, with each unit within a block randomly assigned one of four treatments: control, burn-only, thin-only, and thin-burn. Treatments are also called control, fire, mechanical, and mechanical+fire. The control treatment involved no thinning or burning. The burn-only treatment involved prescribed broadcast burning in the spring, but no thinning. Thin-only consisted of a low thinning and improvement/selection cutting, but no burning. The thin-burn treatment entailed thinning with the same prescription as the thin-only treatment but was followed by broadcast burning the following year to reduce logging slash (i.e., tree tops and limbs) and existing surface fuels. See Gundale et al. (2005) and Fiedler et al. (2010) for more detailed treatment prescriptions and pre-treatment conditions.

In each unit, 36 gridded plots (0.04 ha) were established as part of the larger, multi-disciplinary study. At ten of these points a 20 meter (m) x 50 m (0.1 ha) plot was established for sampling trees ≥ 10 cm diameter at breast height (DBH; 1.37 m above ground). Control treatments were not manipulated. Thinning and burning treatments were designed to restore stands towards historical conditions by reducing tree density, particularly shade-tolerant Douglas-fir, and encourage shade-intolerant species such as ponderosa pine, while also reducing the hazard of stand-replacing wildfire.

The goal of all treated units was to create fire-resistant forests in which 80% of basal area of overstory trees would survive a wildfire burning under 80th percentile weather conditions. In the thin-only and thin-burn units, a low thinning with improvement/selection cutting to favor ponderosa pine ≥ 40 cm DBH reduced average residual basal area to a target of 11 squared meters (m²) per ha.

Thinning was conducted in the winter of 2001. Burn-only and thin-burn units were broadcast burned in May and June 2002. The prescribed burns were designed to reduce surface fuel loading and ladder fuels consisting of seedling and saplings.


TREE ATTRIBUTES (\Data\trees.csv)

The tree class includes trees ≥ 10.16 cm diameter at breast height (DBH, 1.37 m above ground) collected on the Whittaker plots. The Whittaker plots were randomly selected plot locations from 36 systematically located grid points within each of the twelve treatment units, 10 plots per treatment unit, for a total of 120 plots. Trees in each of the Whittaker plots were permanently tagged and status (e.g., alive, dead), species identity, DBH, total height, and crown length were recorded. Trees were measured prior to treatment in 2000 and immediately after harvest in 2001. All trees were assessed annually from 2002 to 2005 for changes in status. In 2005, 2012, and 2020, we conducted a complete remeasurement of trees following the initial protocol, including tagging and measuring new trees as they grew into the tree class.


SAPLING DENSITY (\Data\saplings.csv)

The sapling class includes trees &lt; 10.16 cm DBH and taller than 1.37 m. Saplings were measured on five, 100 m² subplots within each Whittaker plot. See Metlen and Fiedler (2006) for plot diagram and details. Live saplings were tallied by species and diameter class, where small sapling: 0.1 cm ≤ DBH &lt; 3 cm; medium sapling: 3 cm ≤ DBH &lt; 6 cm; large sapling: 6 cm ≤ DBH &lt; 10.16 cm. Saplings were measured in 2002 and 2022. 


SEEDLING DENSITY (\Data\seedlings.csv)

The seedling class includes trees &lt; 1.37 m tall. Seedlings were measured on twenty, 1 m² subplots within each Whittaker plot. See Metlen and Fiedler (2006) for plot diagram and details. Live seedlings were tallied by species and height class, where small seedling: 10 cm ≤ height &lt; 50 cm; large seedling: 50 cm ≤ height &lt; 137 cm. Seedlings were measured in 2002 and 2022. 


UNDERSTORY VEGETATION (\Data\understory.csv)

Understory vegetation was identified by species (or by genus for difficult to identify species) and cover was estimated on twelve, 1 m² subplots per Whittaker plot. See Metlen and Fiedler (2006) for plot diagram and details. Understory vegetation was measured in 2002 and 2022. 


FUEL LOADING (\Data\fuels.csv)

A modified Brown's (1974) protocol was used to quantify 1-hour (woody material &lt; 0.64 cm diameter), 10-hour (0.64 cm ≤ diameter &lt; 2.54 cm), 100-hour (2.54 cm ≤ diameter &lt; 7.62 cm), and 1000-hour+ (diameter ≥ 7.62 cm) timelag classes. On each of the 36 grid points, two, 15.2 m transects were established; 1-hour and 10-hour fuels were tallied for 1.8 m of the length, 100-hour fuels were tallied for 3.7 m, and 1000-hour+ fuel diameters were recorded along the entire transect lengths. Duff and litter depths were each measured along transects at 4.6 m and 10.7 m from plot center and then combined for forest floor loading. Fuels were measured in 2002, 2010, 2016, and 2022.


ABOVEGROUND CARBON STOCK

To estimate carbon stocks and stable carbon stocks, surface fuels data and measured tree data were input into the Fire and Fuels Extension to the Forest Vegetation Simulator (FFE-FVS; Reinhardt et al. 2009, Dixon 2018) to calculate plot-scale canopy fuel characteristics and potential fire behavior for our two measurement years (2002, 2022). Potential fire behavior was based on FFE-FVS’s default “severe” fire weather scenario (4% 10-hour (h) fuel moisture, 21.1°C ambient temperature, and 32.2 km h⁻¹ wind speed at 6.1 m). Output generated from FFE-FVS POTFIRE and CARBON reports included probability of torching (pTorch; %), probability of mortality by overstory basal area (pMort; %), and total aboveground live carbon estimates (includes live seedlings, saplings, and trees, including stems, branches, and foliage; totC; megagrams (Mg) ha⁻¹). Stable carbon (stableC) was calculated using pMort and totC from FFE-FVS as (1 - pMort) × totC. Thus, stableC ranged from 0 Mg ha⁻¹ (where pMort was 100%) to equal to totC (where pMort was 0%). Carbon stocks and potential fire severity were estimated for 2002 and 2022.


For more methodology details, see Hood et al. (2024).
</methdesc>
        <methcite>
          <citeinfo>
            <origin>Hood, Sharon M.</origin>
            <origin>Crotteau, Justin S.</origin>
            <origin>Cleveland, Cory C.</origin>
            <pubdate>2024</pubdate>
            <title>Long-term efficacy of fuel reduction and restoration treatments in Northern Rockies dry forests</title>
            <geoform>journal article</geoform>
            <serinfo>
              <sername>Ecological Applications</sername>
              <issue>e2940</issue>
            </serinfo>
            <onlink>https://doi.org/10.1002/eap.2940</onlink>
          </citeinfo>
        </methcite>
        <methtype>Field</methtype>
        <methcite>
          <citeinfo>
            <origin>Gundale, Michael J.</origin>
            <origin>DeLuca, Thomas H.</origin>
            <origin>Fiedler, Carl E.</origin>
            <origin>Ramsey, Philip W.</origin>
            <origin>Harrington, Michael G.</origin>
            <origin>Gannon, James E.</origin>
            <pubdate>2005</pubdate>
            <title>Restoration treatments in a Montana ponderosa pine forest: effects on soil physical, chemical and biological properties</title>
            <geoform>journal article</geoform>
            <serinfo>
              <sername>Forest Ecology and Management</sername>
              <issue>213(1-3): 25-38</issue>
            </serinfo>
            <onlink>https://doi.org/10.1016/j.foreco.2005.03.015</onlink>
          </citeinfo>
        </methcite>
        <methcite>
          <citeinfo>
            <origin>Fiedler, Carl E.</origin>
            <origin>Metlen, Kerry L.</origin>
            <origin>Dodson, Erich K.</origin>
            <pubdate>2010</pubdate>
            <title>Restoration treatment effects on stand structure, tree growth, and fire hazard in a ponderosa pine/Douglas-fir forest in Montana</title>
            <geoform>journal article</geoform>
            <serinfo>
              <sername>Forest Science</sername>
              <issue>56(1): 18-31</issue>
            </serinfo>
          </citeinfo>
        </methcite>
        <methcite>
          <citeinfo>
            <origin>Metlen, Kerry L.</origin>
            <origin>Fiedler, Carl E.</origin>
            <pubdate>2006</pubdate>
            <title>Restoration treatment effects on the understory of ponderosa pine/Douglas-fir forests in western Montana, USA</title>
            <geoform>journal article</geoform>
            <serinfo>
              <sername>Forest Ecology and Management</sername>
              <issue>222(1-3): 355-369</issue>
            </serinfo>
            <onlink>https://doi.org/10.1016/j.foreco.2005.10.037</onlink>
          </citeinfo>
        </methcite>
      </method>
    </lineage>
  </dataqual>
  <eainfo>
    <overview>
      <eaover>Below you will find a list and description of the files included in this data publication.


VARIABLE DESCRIPTION FILE (1) 

1. \Data\_variable_descriptions.csv: Comma-separated values (CSV) file containing a list and description of variables found in all data files. (A description of these variables is also provided in the metadata below.)

Columns include:

Filename = name of data file
Variable = name of variable
Units = units (if applicable)	
Precision = precision (if applicable)
Description = description of variable


DATA FILES (6)

1. \Data\carbon_potentialfireseverity.csv: CSV file containing aboveground carbon stocks and potential fire severity by block, treatment, plot, and year.

Variables include:

BLOCK = block number (three blocks in the study)

TRT = treatment. In Hood et al. (2024) the treatment codes correspond to:
co = untreated control
bo = burn only (fire)
to = thin only (mechanical)
tb = thin-burn (mechanical + fire)

PLOT = number of plot

PTORCH = probability of torching estimated using FFE-FVS’s default “severe” fire weather scenario (4% 10-h [hour] fuel moisture, 21.1 degrees Celsius [°C] ambient temperature, and 32.2 km h⁻¹ [kilometers per hour] wind speed at 6.1 meters [m]).

MORTALITY = probability of tree mortality

ABOVEGROUND_LIVECARBON = aboveground live carbon stock (megagrams per hectare [Mg/ha])

CANOPY = canopy fuels (Mg/ha). Includes all live foliage and live wood fuels &lt; 7.62 centimeter (cm) diameter (i.e., 1-, 10-, and 100-hour fuels).

STABLECARBON = estimate of aboveground live carbon stock (megagrams per hectare [Mg/ha]) in the event of a wildfire based on FFE-FVS’s default “severe” fire weather scenario (4% 10-h fuel moisture, 21.1°C ambient temperature, and 32.2 km h⁻¹ wind speed at 6.1 m).

YEAR = year that data were collected:
2002 = one year post-treatment
2022 = 20 years post-treatment


2. \Data\fuels.csv: CSV file containing surface and ground dead fuel loading by block, treatment, plot, and year.

Variables include:

BLOCK = block number (three blocks in the study)

TRT = treatment. In Hood et al. (2024) the treatment codes correspond to:
co = untreated control
bo = burn only (fire)
to = thin only (mechanical)
tb = thin-burn (mechanical + fire)

PLOT = number of plot

LOAD.1HR = average plot 1-hour fuel loading (Mg/ha).

LOAD.10HR = average plot 10-hour fuel loading (Mg/ha).

LOAD.100HR = average plot 100-hour fuel loading (Mg/ha).

LOAD.S1000HR = average plot sound 1000-hour fuel loading (Mg/ha).

LOAD.R1000HR = average plot rotten 1000-hour fuel loading (Mg/ha).

LOAD.FLOOR = average plot rotten forest floor (duff and litter) fuel loading (Mg/ha).

FWD = average plot fine woody debris (1-hour, 10-hour, and 100-hour) fuel loading (Mg/ha).

YEAR = year that data were collected:
2002 = one year post-treatment
2010 = eight years post-treatment
2016 = 14 years post-treatment
2022 = 20 years post-treatment


3. \Data\saplings.csv: CSV file containing sapling density data by block, treatment, plot, species, size class, and year.

Variables include:

BLOCK = block number (three blocks in the study)

PLOT = number of plot

SIZE = diameter size class of sapling, where:
small = 0.1 cm ≤ DBH &lt; 3 cm
medium = 3 cm ≤ DBH &lt; 6 cm
large = 6 cm ≤ DBH &lt; 10.16 cm

TRT = treatment. In Hood et al. (2024) the treatment codes correspond to:
co = untreated control
bo = burn only (fire)
to = thin only (mechanical)
tb = thin-burn (mechanical + fire)

SPECIES = four letter species code, where first two letters are the first two letters of the genus and second two letters are the first two letters of the species:
JUSC = Juniperus scopulorum
LAOC = Larix occidentalis
PIPO = Pinus ponderosa
PICO = Pinus contorta
POTR = Populus tremuloides
PSME = Pseudotsuga menziesii
NONE = no species found

DENSITY_HA = average plot sapling density per hectare.

YEAR = year that data were collected:
2002 = one year post-treatment
2022 = 20 years post-treatment


4. \Data\seedlings.csv: CSV file containing seedling density data by block, treatment, plot, and year. Seedlings were tallied on twenty, 1 square meter subplots per plot and values were averaged to the plot level.

Variables include:

BLOCK = block number (three blocks in the study)

TRT = treatment. In Hood et al. (2024) the treatment codes correspond to:
co = untreated control
bo = burn only (fire)
to = thin only (mechanical)
tb = thin-burn (mechanical + fire)

PLOT = number of plot

SPECIES = four letter species code, where first two letters are the first two letters of the genus and second two letters are the first two letters of the species:
JUSC = Juniperus scopulorum
LAOC = Larix occidentalis
PIPO = Pinus ponderosa
PICO = Pinus contorta
POTR = Populus tremuloides
PSME = Pseudotsuga menziesii

DENSITY_ha2002 = number of seedlings per hectare in 2002.

DENSITY_ha2022 = number of seedlings per hectare in 2022.


5. \Data\trees.csv: CSV file containing information on each 0.1 hectare plot of trees ≥ 10 centimeters diameter at breast height (DBH) in each block and treatment combination. Attributes include tree DBH, species, status, height, and crown fuel base height at different timesteps.

Variables include:

BLOCK = block number (three blocks in the study)

TRT = treatment. In Hood et al. (2024) the treatment codes correspond to:
co = untreated control
bo = burn only (fire)
to = thin only (mechanical)
tb = thin-burn (mechanical + fire)

PLOT = number of plot

PLOTID = unique four number tree code, where first two numbers are the unit number and last two numbers are the plot number.

TREE_NO = tag number of tree

SPECIES = four letter species code, where first two letters are the first two letters of the genus and second two letters are the first two letters of the species:
JUSC = Juniperus scopulorum
LAOC = Larix occidentalis
PIPO = Pinus ponderosa
PICO = Pinus contorta
POTR = Populus tremuloides
PSME = Pseudotsuga menziesii

STAT01 = tree status in 2001, pre-treatment. Status codes:
0 = alive
1 = cut
2 = dead
3 = killed by fire

STAT02 = tree status in 2002, immediately after treatment. Status codes:
0 = alive
1 = cut
2 = dead
3 = killed by fire

STAT03 = tree status in 2003, 1 year after treatment. Status codes:
0 = alive
1 = cut
2 = dead
3 = killed by fire

STAT05 = tree status in 2005, 4 years after treatment. Status codes:
0 = alive
1 = cut
2 = dead
3 = killed by fire

STAT12 = tree status in 2012, 10 years after treatment. Status codes:
0 = alive
1 = cut
2 = dead
3 = killed by fire

STAT20 = tree status in 2020, 19 years after treatment. Status codes:
0 = alive
1 = cut
2 = dead
3 = killed by fire

DOWN12 = standing status of tree in year 2012. Status codes:
0 = standing and taller than 1.37 m
1 = broken below 1.37 m

DOWN20 = standing status of tree in year 2020. Status codes:
0 = standing and taller than 1.37 m
1 = broken below 1.37 m

DBH_01 = DBH (cm) in 2001

DBH_05 = DBH (cm) in 2005

DBH_12 = DBH (cm) in 2012

DBH_20 = DBH (cm) in 2020

HT01 = tree height (m) in 2001

HT20 = tree height (m) in 2020

CrFBH01 = crown fuel base height (m) in 2001

CrFBH20 = crown fuel base height (m) in 2020


6. \Data\understory.csv: CSV file containing percent cover of understory vegetation by block, treatment, plot, genus, lifeform, origin, and year. Species cover was recorded on tallied by height class on twelve, 1 square meter subplots per plot and values were averaged to the plot level.

Variables include:

BLOCK = block number (three blocks in the study)

TRT = treatment. In Hood et al. (2024) the treatment codes correspond to:
co = untreated control
bo = burn only (fire)
to = thin only (mechanical)
tb = thin-burn (mechanical + fire)

PLOT = number of plot

GENUS = genus of plant

LFCODE = life form of the plant: forb, graminoid, or shrub

ORIGIN = origin of plant: 
Native = native species to Montana, USA
Exotic = exotic species that is not native to Montana, USA

COVER = plot average percent cover (0-100) of plant.

YEAR = year that data were collected:
2002 = one year post-treatment
2010 = eight years post-treatment
2016 = 14 years post-treatment
2022 = 20 years post-treatment


SUPPLEMENTAL FILES (1)

1. \Supplements\FFS_plotlayout.jpg: Joint Photographic Experts Group (JPEG) image file containing the Whittaker plot design used in this study, which is a modification of Metlen and Fiedler (2006).
</eaover>
      <eadetcit>Hood, Sharon M.; Crotteau, Justin S.; Cleveland, Cory C. 2024. Long-term efficacy of fuel reduction and restoration treatments in Northern Rockies dry forests. Ecological Applications. e2940. https://doi.org/10.1002/eap.2940
	  
Brown, James K. 1974. Handbook for inventorying downed woody material. General Technical Report. INT-16. Ogden, UT: U.S. Department of Agriculture, Forest Service, Intermountain Forest and Range Experiment Station. 24 p. https://www.fs.usda.gov/research/treesearch/28647

Metlen, Kerry L.; Fiedler, Carl E. 2006. Restoration treatment effects on the understory of ponderosa pine/Douglas-fir forests in western Montana, USA. Forest Ecology and Management. 222(1-3): 355-369. https://doi.org/10.1016/j.foreco.2005.10.037		
</eadetcit>
    </overview>
  </eainfo>
  <distinfo>
    <distrib>
      <cntinfo>
        <cntorgp>
          <cntorg>USDA Forest Service, Research and Development</cntorg>
        </cntorgp>
        <cntaddr>
          <addrtype>mailing and physical</addrtype>
          <address>240 West Prospect Road</address>
          <city>Fort Collins</city>
          <state>CO</state>
          <postal>80526</postal>
          <country>USA</country>
        </cntaddr>
        <cntvoice>see Contact Instructions</cntvoice>
        <cntpos>Research Data Archivist</cntpos>
        <cntinst>This contact information was current as of January 2024. For current information see Contact Us page on: https://doi.org/10.2737/RDS.</cntinst>
      </cntinfo>
    </distrib>
    <resdesc>RDS-2023-0063</resdesc>
    <distliab>Metadata documents have been reviewed for accuracy and completeness. Unless otherwise stated, all data and related materials are considered to satisfy the quality standards relative to the purpose for which the data were collected. However, neither the author, the Archive, nor any part of the federal government can assure the reliability or suitability of these data for a particular purpose. The act of distribution shall not constitute any such warranty, and no responsibility is assumed for a user's application of these data or related materials.

The metadata, data, or related materials may be updated without notification. If a user believes errors are present in the metadata, data or related materials, please use the information in (1) Identification Information: Point of Contact, (2) Metadata Reference: Metadata Contact, or (3) Distribution Information: Distributor to notify the author or the Archive of the issues.</distliab>
    <stdorder>
      <digform>
        <digtinfo>
          <formname>CSV</formname>
          <formvern>see Format Specification</formvern>
          <formspec>Comma-separated values file</formspec>
        </digtinfo>
        <digtopt>
          <onlinopt>
            <computer>
              <networka>
                <networkr>https://doi.org/10.2737/RDS-2023-0063</networkr>
              </networka>
            </computer>
          </onlinopt>
        </digtopt>
      </digform>
      <digform>
        <digtinfo>
          <formname>JPEG</formname>
          <formvern>see Format Specification</formvern>
          <formspec>Joint Photographic Experts Group image file</formspec>
        </digtinfo>
        <digtopt>
          <onlinopt>
            <computer>
              <networka>
                <networkr>https://doi.org/10.2737/RDS-2023-0063</networkr>
              </networka>
            </computer>
          </onlinopt>
        </digtopt>
      </digform>
      <fees>None</fees>
    </stdorder>
  </distinfo>
  <metainfo>
    <metd>20240117</metd>
    <metc>
      <cntinfo>
        <cntorgp>
          <cntorg>USDA Forest Service, Rocky Mountain Research Station</cntorg>
          <cntper>Sharon Hood</cntper>
        </cntorgp>
        <cntaddr>
          <addrtype>mailing and physical</addrtype>
          <address>Fire Sciences Lab</address>
          <address>5775 Hwy 10 West</address>
          <city>Missoula</city>
          <state>MT</state>
          <postal>59808</postal>
          <country>USA</country>
        </cntaddr>
        <cntvoice>406-329-4818</cntvoice>
        <cntpos>Research Ecologist</cntpos>
        <cntemail>sharon.hood@usda.gov</cntemail>
        <cntinst>This contact information was current as of original publication date. For current information see Contact Us page on: https://doi.org/10.2737/RDS.</cntinst>
      </cntinfo>
    </metc>
    <metstdn>FGDC Biological Data Profile of the Content Standard for Digital Geospatial Metadata</metstdn>
    <metstdv>FGDC-STD-001.1-1999</metstdv>
  </metainfo>
</metadata>