block,trt,year,plot,cover_exotics,invaded,seedling_density_ha,sapling_density_ha,ba_m2_ha,burned,treated,cover_native,nspp_native,nspp_exotic,rel_exotic_richness,rel_exotic_cover
1,TRT: Burn,2002,1_2,0,0,500,259.8893492,20.887766510354215,burned,treated,19.041666667,16,0,0,0
1,TRT: Burn,2002,1_5,0,0,500,239.89786080000002,7.6950900479734345,burned,treated,11.000000002,19,0,0,0
1,TRT: Burn,2002,1_9,0,0,0,139.9404188,21.823933913360793,burned,treated,15.666666667,9,0,0,0
1,TRT: Burn,2002,1_12,0,0,0,199.91488400000003,33.737192570294624,burned,treated,12.375,15,0,0,0
1,TRT: Burn,2002,1_18,0,0,0,239.89786080000002,21.01828253379522,burned,treated,13.666666669,21,0,0,0
1,TRT: Burn,2002,1_22,0,0,500,919.6084664,4.715327467118457,burned,treated,24.333333334,12,0,0,0
1,TRT: Burn,2002,1_24,0.041666667,1,7500,1299.446746,4.5570033372245815,burned,treated,17.083333334,23,1,0.041666666666666664,0.002433090043653542
1,TRT: Burn,2002,1_26,0.041666667,1,9500,1259.4637696,2.0971496543225214,burned,treated,19.958333334,20,1,0.047619047619047616,0.0020833333498958334
1,TRT: Burn,2002,1_29,0,0,500,319.8638144,5.441971327518223,burned,treated,21.791666665,16,0,0,0
1,TRT: Burn,2002,1_33,0,0,2000,259.8893492,4.83337004144901,burned,treated,27.041666662,14,0,0,0
1,TRT: Burn,2022,1_2,0,0,1000,420,4.313670582587452,burned,treated,25.125,16,0,0,0
1,TRT: Burn,2022,1_5,0,0,500,80,2.4875981694158895,burned,treated,24.916666667,18,0,0,0
1,TRT: Burn,2022,1_9,0,0,2000,80,8.594124237886824,burned,treated,31.750000004,9,0,0,0
1,TRT: Burn,2022,1_12,0,0,2000,100,1.4179752765812288,burned,treated,38.250000002,9,0,0,0
1,TRT: Burn,2022,1_18,0,0,1000,60,6.64306172783797,burned,treated,28.333333334,19,0,0,0
1,TRT: Burn,2022,1_22,0,0,4000,780,3.272722829003228,burned,treated,33.5,11,0,0,0
1,TRT: Burn,2022,1_24,0.041666667,1,2000,1140,6.2281533167119445,burned,treated,28.000000006,15,1,0.0625,0.001485884112591598
1,TRT: Burn,2022,1_26,0.083333333,1,0,2100,2.3752847676489988,burned,treated,25.124999999,14,1,0.06666666666666667,0.003305785110918653
1,TRT: Burn,2022,1_29,0,0,2000,60,3.205204057413487,burned,treated,38.583333336,15,0,0,0
1,TRT: Burn,2022,1_33,0,0,3500,220,1.759864887936063,burned,treated,28.666666668,11,0,0,0
1,Control,2002,1_2,0.458333333,1,3000,10155.6761068,0.6409787679669237,unburned,0untreated,19.833333335,26,1,0.037037037037037035,0.02258726897592856
1,Control,2002,1_5,0.208333333,1,4000,639.7276288,1.0613432926262076,unburned,0untreated,15.708333333,19,1,0.05,0.013089005215207917
1,Control,2002,1_9,0.083333334,1,5500,839.6425128,3.1437083487252844,unburned,0untreated,19.208333337,25,2,0.07407407407407407,0.004319654461232734
1,Control,2002,1_12,0,0,3000,259.8893492,6.523698899020213,unburned,0untreated,20.666666667,24,0,0,0
1,Control,2002,1_18,0.083333334,1,3500,14393.871648200002,0.7523682730969264,unburned,0untreated,20.625,18,2,0.1,0.004024144901278901
1,Control,2002,1_22,0,0,2500,919.6084664,3.4739054034957895,unburned,0untreated,19.541666668,24,0,0,0
1,Control,2002,1_24,0,0,2500,279.8808376,9.724468702983287,unburned,0untreated,25.541666669,19,0,0,0
1,Control,2002,1_26,0.041666667,1,2500,1039.5573967999999,8.405993322039192,unburned,0untreated,15.666666668,16,1,0.058823529411764705,0.002652519914837929
1,Control,2002,1_29,0.041666667,1,2000,299.872326,17.59293997509613,unburned,0untreated,19.708333336,25,1,0.038461538461538464,0.0021097046579073866
1,Control,2002,1_33,0,0,0,739.6850708,13.739429596559662,unburned,0untreated,13.458333335,21,0,0,0
1,Control,2022,1_2,0,0,4500,7960,2.4428305636376253,unburned,0untreated,50.083333334,19,0,0,0
1,Control,2022,1_5,0,0,2000,720,2.276873730083613,unburned,0untreated,40.000000003,15,0,0,0
1,Control,2022,1_9,0,0,2500,1460,5.206521252230918,unburned,0untreated,43.999999998,20,0,0,0
1,Control,2022,1_12,0,0,3000,300,3.3877386706586394,unburned,0untreated,34.500000005,16,0,0,0
1,Control,2022,1_18,0,0,1000,8240,2.202761005165882,unburned,0untreated,42.833333331,18,0,0,0
1,Control,2022,1_22,0,0,1000,1060,4.47726728530549,unburned,0untreated,31.333333335000003,18,0,0,0
1,Control,2022,1_24,1.666666667,1,1500,200,4.022654402134006,unburned,0untreated,54.041666668,15,1,0.0625,0.029917726257893264
1,Control,2022,1_26,0,0,1500,620,6.7596044480303945,unburned,0untreated,40.291666665,14,0,0,0
1,Control,2022,1_29,0,0,0,700,2.952471879039097,unburned,0untreated,39.833333333,19,0,0,0
1,Control,2022,1_33,0,0,1500,380,4.171488463952694,unburned,0untreated,50.041666661,16,0,0,0
1,TRT: Thin + Burn,2002,1_2,0,0,3500,279.8808376,2.0776363493024763,burned,treated,24.958333337,25,0,0,0
1,TRT: Thin + Burn,2002,1_5,0,0,0,19.9914884,0.9138052759373891,burned,treated,47.416666669,15,0,0,0
1,TRT: Thin + Burn,2002,1_9,0,0,2000,179.9233956,1.3473965548260485,burned,treated,33.541666673,20,0,0,0
1,TRT: Thin + Burn,2002,1_12,0,0,0,39.9829768,2.0689930457256938,burned,treated,23.583333334,19,0,0,0
1,TRT: Thin + Burn,2002,1_18,0,0,500,79.9659536,0.16295937731099566,burned,treated,28.833333333,18,0,0,0
1,TRT: Thin + Burn,2002,1_22,0,0,500,39.9829768,0.15695770872524087,burned,treated,21.000000001,18,0,0,0
1,TRT: Thin + Burn,2002,1_24,0,0,0,59.974465200000004,1.542093836594471,burned,treated,14.875,22,0,0,0
1,TRT: Thin + Burn,2002,1_26,0,0,3500,179.92339560000002,3.8440906865000475,burned,treated,35.916666666,21,0,0,0
1,TRT: Thin + Burn,2002,1_29,0,0,0,59.974465200000004,1.3666261036577982,burned,treated,27.500000001,16,0,0,0
1,TRT: Thin + Burn,2002,1_33,0.041666667,1,0,299.872326,1.3024865079453272,burned,treated,16.5,19,1,0.05,0.0025188917077578056
1,TRT: Thin + Burn,2022,1_2,0,0,1000,320,3.730198046423302,burned,treated,51.124999996,15,0,0,0
1,TRT: Thin + Burn,2022,1_5,0,0,0,0,1.368381000560406,burned,treated,31.875,12,0,0,0
1,TRT: Thin + Burn,2022,1_9,0,0,1000,20,1.6061056294205474,burned,treated,39.70833333,14,0,0,0
1,TRT: Thin + Burn,2022,1_12,0.25,1,0,40,3.1516957476207916,burned,treated,38.000000004,18,1,0.05263157894736842,0.0065359477117348025
1,TRT: Thin + Burn,2022,1_18,0,0,4500,260,0.2664966055399177,burned,treated,37.083333334,14,0,0,0
1,TRT: Thin + Burn,2022,1_22,0,0,1500,100,0.3425342558699085,burned,treated,38.625000001,17,0,0,0
1,TRT: Thin + Burn,2022,1_24,0,0,0,0,2.1739017621980397,burned,treated,28.083333334,17,0,0,0
1,TRT: Thin + Burn,2022,1_26,0.833333333,1,2000,180,4.902902130755698,burned,treated,36.666666665,24,1,0.04,0.022222222214518517
1,TRT: Thin + Burn,2022,1_29,0,0,6500,40,1.9498785035726944,burned,treated,36.458333336,14,0,0,0
1,TRT: Thin + Burn,2022,1_33,0.291666667,1,0,260,1.4037154021028047,burned,treated,27.875,15,1,0.0625,0.010355029597510591
1,TRT: Thin,2002,1_2,0.041666667,1,3500,199.914884,0.31669217443593606,unburned,treated,30.250000005,24,1,0.04,0.0013755158291938567
1,TRT: Thin,2002,1_5,0.041666667,1,1500,499.78721,0.3451742018360064,unburned,treated,16.374999999,20,1,0.047619047619047616,0.002538071086397485
1,TRT: Thin,2002,1_9,0,0,0,0,3.308110716335088,unburned,treated,10.833333333,12,0,0,0
1,TRT: Thin,2002,1_12,0.041666667,1,3000,139.9404188,1.4720916353488416,unburned,treated,26.708333335000003,22,1,0.043478260869565216,0.0015576324110984944
1,TRT: Thin,2002,1_18,0.083333334,1,4500,239.89786080000002,1.4521313017305704,unburned,treated,32.250000001000004,22,2,0.08333333333333333,0.0025773196081145706
1,TRT: Thin,2002,1_22,0.041666667,1,1500,699.702094,0.596136282083415,unburned,treated,32.666666669,27,1,0.03571428571428571,0.0012738853604056957
1,TRT: Thin,2002,1_24,0,0,5000,4458.1019135999995,1.2600216061554064,unburned,treated,26.708333334,17,0,0,0
1,TRT: Thin,2002,1_26,0,0,500,1099.5318616,0.558513251760426,unburned,treated,24.958333333,24,0,0,0
1,TRT: Thin,2002,1_29,0,0,8000,439.8127448,1.1496860525819261,unburned,treated,34.416666667,21,0,0,0
1,TRT: Thin,2002,1_33,0.125,1,2500,119.9489304,1.8772250961947647,unburned,treated,17.458333335,26,2,0.07142857142857142,0.007109004738662654
1,TRT: Thin,2022,1_2,0,0,3500,1560,0.6230835488301302,unburned,treated,47.75,14,0,0,0
1,TRT: Thin,2022,1_5,0.25,1,2000,1600,1.0260826451724328,unburned,treated,45.500000002,16,1,0.058823529411764705,0.0054644808740780555
1,TRT: Thin,2022,1_9,0,0,0,100,5.151877917685044,unburned,treated,24.958333334,15,0,0,0
1,TRT: Thin,2022,1_12,0,0,7000,640,1.7261840418004524,unburned,treated,45.333333334,16,0,0,0
1,TRT: Thin,2022,1_18,0,0,1000,460,3.4320767010962903,unburned,treated,58.375000004,15,0,0,0
1,TRT: Thin,2022,1_22,0,0,2000,1340,1.9835509045836535,unburned,treated,48.458333335,18,0,0,0
1,TRT: Thin,2022,1_24,0,0,2000,4920,2.0776363493024768,unburned,treated,47.708333331,16,0,0,0
1,TRT: Thin,2022,1_26,0,0,3000,2620,1.1869926722346342,unburned,treated,42.79166667,19,0,0,0
1,TRT: Thin,2022,1_29,0,0,3000,1900,2.8350486138496636,unburned,treated,44.833333333,13,0,0,0
1,TRT: Thin,2022,1_33,0,0,500,400,3.22673349519203,unburned,treated,42.875000002,23,0,0,0
2,TRT: Burn,2002,2_2,0,0,2500,199.91488400000003,17.813934812021404,burned,treated,18.333333333,18,0,0,0
2,TRT: Burn,2002,2_5,0,0,4000,3958.3147034,6.569775499119478,burned,treated,18.416666666999998,21,0,0,0
2,TRT: Burn,2002,2_9,0,0,8500,59.974465200000004,16.78417853762551,burned,treated,20.541666668,14,0,0,0
2,TRT: Burn,2002,2_12,0,0,2500,139.9404188,14.454950664784928,burned,treated,20.541666667,17,0,0,0
2,TRT: Burn,2002,2_18,0,0,3000,19.9914884,1.1772030837384706,burned,treated,20.375000001,24,0,0,0
2,TRT: Burn,2002,2_22,0.166666667,1,3500,1399.4041884,13.303504085217295,burned,treated,15.666666669,19,2,0.09523809523809523,0.010526315808753463
2,TRT: Burn,2002,2_24,0.125,1,3000,1979.157352,12.231311059446988,burned,treated,20.708333334,17,2,0.10526315789473684,0.005999999999808
2,TRT: Burn,2002,2_26,0.416666667,1,8500,1439.3871648,3.278154733179154,burned,treated,19.875000002,24,2,0.07692307692307693,0.020533880917556677
2,TRT: Burn,2002,2_29,0.041666667,1,2000,1119.5233504,6.348574038144395,burned,treated,11.500000001,22,1,0.043478260869565216,0.003610108331712912
2,TRT: Burn,2002,2_33,0,0,1500,2458.9530736,6.8614278789633465,burned,treated,6.25,18,0,0,0
2,TRT: Burn,2022,2_2,0,0,3500,740,6.58902193820053,burned,treated,69.375,15,0,0,0
2,TRT: Burn,2022,2_5,0,0,3500,2900,5.693365235139484,burned,treated,46.166666663,20,0,0,0
2,TRT: Burn,2022,2_9,0.25,1,10500,1360,11.835687371967103,burned,treated,35.833333334,18,1,0.05263157894736842,0.006928406466384694
2,TRT: Burn,2022,2_12,0,0,5500,1320,10.550911416432855,burned,treated,61.708333332,16,0,0,0
2,TRT: Burn,2022,2_18,0,0,6500,1620,1.0597978348149601,burned,treated,44.041666671,24,0,0,0
2,TRT: Burn,2022,2_22,0,0,3500,2420,9.390447132762215,burned,treated,59.708333339,16,0,0,0
2,TRT: Burn,2022,2_24,0,0,500,3260,12.084798280890874,burned,treated,61.166666673,14,0,0,0
2,TRT: Burn,2022,2_26,0,0,4500,1560,5.526314476438933,burned,treated,53.041666671,15,0,0,0
2,TRT: Burn,2022,2_29,0,0,1000,1160,6.956094348258202,burned,treated,43.375000003,20,0,0,0
2,TRT: Burn,2022,2_33,0,0,2500,720,12.665462531604204,burned,treated,14.499999999,16,0,0,0
2,Control,2002,2_2,0,0,14490,3158.6551668,8.082840627244764,unburned,0untreated,25.416666667,25,0,0,0
2,Control,2002,2_5,0.041666667,1,2000,219.9063724,8.788785487123397,unburned,0untreated,18.833333336,17,1,0.05555555555555555,0.002207505536072979
2,Control,2002,2_9,0.041666667,1,2500,1099.531862,6.261905101894629,unburned,0untreated,10.833333334,25,1,0.038461538461538464,0.0038314176548200993
2,Control,2002,2_12,0.083333334,1,5000,1619.3105608,15.12436754550373,unburned,0untreated,37.625,20,2,0.09090909090909091,0.0022099447690217024
2,Control,2002,2_18,0,0,10500,2179.0722354,8.267340139492193,unburned,0untreated,11.041666667,17,0,0,0
2,Control,2002,2_22,0.125,1,6000,3098.680702,5.299385531925117,unburned,0untreated,18.791666671999998,25,1,0.038461538461538464,0.006607929513555474
2,Control,2002,2_24,0.125000001,1,8500,1119.5233504,12.638773122663519,unburned,0untreated,20.625000002,23,3,0.11538461538461539,0.006024096432863986
2,Control,2002,2_26,0,0,7500,1099.5318622,9.030667369345379,unburned,0untreated,19.875000001,21,0,0,0
2,Control,2002,2_29,0.041666667,1,10500,1479.3701412,4.902902130755698,unburned,0untreated,12.375000001,20,1,0.047619047619047616,0.0033557047244718707
2,Control,2002,2_33,0,0,6000,659.7191172,21.565313231070988,unburned,0untreated,23.458333334,20,0,0,0
2,Control,2022,2_2,0,0,4500,5380,9.98829890116653,unburned,0untreated,41.125,16,0,0,0
2,Control,2022,2_5,0,0,2000,360,6.082949532476837,unburned,0untreated,34.416666667,14,0,0,0
2,Control,2022,2_9,0,0,4500,1880,2.561512715408462,unburned,0untreated,33.125,18,0,0,0
2,Control,2022,2_12,0.25,1,7500,1380,10.609486801016528,unburned,0untreated,55.45833333,17,1,0.05555555555555555,0.004487658938189239
2,Control,2022,2_18,0,0,5500,3320,8.010473228088369,unburned,0untreated,28.250000003,15,0,0,0
2,Control,2022,2_22,0,0,5000,3260,5.801293928187252,unburned,0untreated,45.750000006,15,0,0,0
2,Control,2022,2_24,0,0,3500,1580,11.970300406880765,unburned,0untreated,44.041666667,17,0,0,0
2,Control,2022,2_26,0,0,4500,1540,5.100911590412488,unburned,0untreated,43.333333334,18,0,0,0
2,Control,2022,2_29,0,0,5500,1380,7.467834558639757,unburned,0untreated,31.166666668,16,0,0,0
2,Control,2022,2_33,0,0,9000,1040,23.248570141258917,unburned,0untreated,45.375000005,14,0,0,0
2,TRT: Thin + Burn,2002,2_2,0.083333334,1,3500,259.88934919999997,1.7065237916114695,burned,treated,22.958333335,20,2,0.09090909090909091,0.0036166365565957837
2,TRT: Thin + Burn,2002,2_5,0.291666667,1,0,219.9063724,0.38505771052408055,burned,treated,25.875,18,5,0.21739130434782608,0.011146496827883483
2,TRT: Thin + Burn,2002,2_9,0.083333334,1,7000,1159.5063272,0.824300466829607,burned,treated,27.374999998,22,2,0.08333333333333333,0.0030349013901321957
2,TRT: Thin + Burn,2002,2_12,0.166666667,1,4500,19.9914884,1.5814768308948586,burned,treated,38.583333334,24,3,0.1111111111111111,0.004301075277308359
2,TRT: Thin + Burn,2002,2_18,0,0,10000,179.92339560000002,1.9331504006627556,burned,treated,18.208333337,21,0,0,0
2,TRT: Thin + Burn,2002,2_22,0.083333334,1,2000,179.9233956,1.9519745835112274,burned,treated,41.333333332,23,2,0.08,0.0020120724507366127
2,TRT: Thin + Burn,2002,2_24,0,0,500,0,2.764740136083336,burned,treated,26.999999999,22,0,0,0
2,TRT: Thin + Burn,2002,2_26,0.375,1,0,819.6510244000001,1.7558855452002176,burned,treated,41.583333333,29,3,0.09375,0.008937437934529792
2,TRT: Thin + Burn,2002,2_29,0.041666667,1,2500,19.9914884,0.005743247771415083,burned,treated,25.708333334,19,1,0.05,0.0016181229902284223
2,TRT: Thin + Burn,2002,2_33,0.25,1,2500,559.7616752,1.1853582591103895,burned,treated,34.875000002,21,3,0.125,0.007117437722014666
2,TRT: Thin + Burn,2022,2_2,0.25,1,7500,1080,1.9019794455736079,burned,treated,50.833333335,20,1,0.047619047619047616,0.004893964110770181
2,TRT: Thin + Burn,2022,2_5,0.333333334,1,3000,360,0.9944083606540481,burned,treated,46.374999995,20,2,0.09090909090909091,0.00713648529593416
2,TRT: Thin + Burn,2022,2_9,0,0,7500,3500,1.0909209341977486,burned,treated,46.958333331,18,0,0,0
2,TRT: Thin + Burn,2022,2_12,1.666666667,1,7500,1320,2.097149654322522,burned,treated,55.791666667,21,1,0.045454545454545456,0.029006526473920158
2,TRT: Thin + Burn,2022,2_18,0,0,5500,1540,1.6061056294205474,burned,treated,35.541666666,19,0,0,0
2,TRT: Thin + Burn,2022,2_22,0.541666667,1,500,660,3.1330742477639584,burned,treated,83.083333327,19,2,0.09523809523809523,0.006477329351735293
2,TRT: Thin + Burn,2022,2_24,0,0,8000,1500,4.07095601107482,burned,treated,59.749999996,18,0,0,0
2,TRT: Thin + Burn,2022,2_26,1.333333333,1,0,1740,3.253746633911027,burned,treated,66.958333338,19,1,0.05,0.019524100054892916
2,TRT: Thin + Burn,2022,2_29,0.041666667,1,8500,1400,0.02412434307983187,burned,treated,57.499999994999996,21,1,0.045454545454545456,7.241129674736427e-4
2,TRT: Thin + Burn,2022,2_33,3.083333333,1,500,1460,2.1562368134600804,burned,treated,55.833333332,19,3,0.13636363636363635,0.052333804804875074
2,TRT: Thin,2002,2_2,0,0,8000,139.9404188,2.252033240433323,unburned,treated,24.166666666,19,0,0,0
2,TRT: Thin,2002,2_5,1.541666666,1,11000,2458.9530729999997,2.2859404159095975,unburned,treated,49.333333336,27,4,0.12903225806451613,0.030303030288735017
2,TRT: Thin,2002,2_9,0.125,1,14990,2598.8934922000003,1.2465814717765,unburned,treated,38.875000004,24,2,0.07692307692307693,0.003205128204799474
2,TRT: Thin,2002,2_12,0.041666667,1,1000,659.7191172,2.888359307725512,unburned,treated,28.291666674,25,1,0.038461538461538464,0.0014705882466608995
2,TRT: Thin,2002,2_18,0.541666667,1,5500,199.914884,3.9477602216818455,unburned,treated,19.791666667,24,2,0.07692307692307693,0.0266393442778151
2,TRT: Thin,2002,2_22,0.041666667,1,9000,579.7531636,1.486693818879811,unburned,treated,32.250000002,21,1,0.045454545454545456,0.0012903225908745056
2,TRT: Thin,2002,2_24,0.166666667,1,1000,559.7616752,2.74730095367773,unburned,treated,22.791666666,24,3,0.1111111111111111,0.007259528145295963
2,TRT: Thin,2002,2_26,0.125,1,5500,799.659536,0.5675213847221592,unburned,treated,44.333333329,27,2,0.06896551724137931,0.0028116213685964466
2,TRT: Thin,2002,2_29,3.625000001,1,1500,359.8467912,1.8916454280415693,unburned,treated,22.29166667,26,6,0.1875,0.1398713826518543
2,TRT: Thin,2002,2_33,0.083333333,1,5000,1599.3190718,2.749788887400099,unburned,treated,36.041666664,26,1,0.037037037037037035,0.0023068050659355134
2,TRT: Thin,2022,2_5,1.083333334,1,12500,3700,3.7796329910923654,unburned,treated,55.499999998,20,3,0.13043478260869565,0.019145802663190475
2,TRT: Thin,2022,2_9,4.166666667,1,16000,6360,2.1606462945448492,unburned,treated,38.333333327,22,1,0.043478260869565216,0.09803921570795848
2,TRT: Thin,2022,2_12,0,0,2500,720,5.292478545976709,unburned,treated,35.208333331,19,0,0,0
2,TRT: Thin,2022,2_22,0.291666667,1,9500,4280,2.336129228705895,unburned,treated,68.333333337,18,1,0.05263157894736842,0.004250151795744982
2,TRT: Thin,2022,2_24,0.291666667,1,5500,1700,4.177620750466393,unburned,treated,46.791666660000004,23,2,0.08,0.006194690273399639
2,TRT: Thin,2022,2_26,0,0,5500,1900,1.9983732243638754,unburned,treated,56.083333342,19,0,0,0
2,TRT: Thin,2022,2_29,2.208333333,1,2000,1020,2.5759437444131588,unburned,treated,62.833333338,20,4,0.16666666666666666,0.033952594483324106
2,TRT: Thin,2022,2_33,0,0,4000,1980,6.496895762400885,unburned,treated,50.083333335,18,0,0,0
3,TRT: Burn,2002,3_2,0.916666667,1,6500,4018.2891686,4.11954588027041,burned,treated,18.583333334,28,5,0.15151515151515152,0.04700854702323033
3,TRT: Burn,2002,3_5,0.708333333,1,5500,5577.6252636,6.512205084369351,burned,treated,20.166666668,24,3,0.1111111111111111,0.03393213571094936
3,TRT: Burn,2002,3_9,0.125,1,500,6157.3784272,6.712865750158442,burned,treated,13.375000002,27,2,0.06896551724137931,0.009259259257887517
3,TRT: Burn,2002,3_12,0.125,1,3000,379.8382796,6.7596044480303945,burned,treated,14.875,27,2,0.06896551724137931,0.008333333333333333
3,TRT: Burn,2002,3_18,0.75,1,0,1819.2254444,2.129874512347568,burned,treated,29.958333334,29,2,0.06451612903225806,0.024423337855643455
3,TRT: Burn,2002,3_22,0.041666667,1,2500,3658.4423772,2.988682321512025,burned,treated,20.208333333,29,1,0.03333333333333333,0.002057613185185185
3,TRT: Burn,2002,3_24,0.125000001,1,2500,919.6084664,6.3561386177990125,burned,treated,19.749999999,27,3,0.1,0.0062893082264150945
3,TRT: Burn,2002,3_26,0.125,1,2000,1219.4807924,7.6327734731690935,burned,treated,13.791666665,28,2,0.06666666666666667,0.008982035929219406
3,TRT: Burn,2002,3_29,0.25000000099999997,1,8500,6937.0464752,4.966240002634575,burned,treated,24.083333338,29,3,0.09375,0.010273972641443047
3,TRT: Burn,2002,3_33,0.166666667,1,8000,2838.791353,6.592874604066602,burned,treated,20.208333333,24,2,0.07692307692307693,0.008179959116564417
3,TRT: Burn,2022,3_2,0.375,1,2000,1560,2.0560618708591254,burned,treated,44.666666668,22,2,0.08333333333333333,0.00832562442158518
3,TRT: Burn,2022,3_5,0.791666667,1,3000,2340,8.358201235619028,burned,treated,29.708333333,17,4,0.19047619047619047,0.025956284163934425
3,TRT: Burn,2022,3_9,0,0,1000,1900,13.052911338421316,burned,treated,37.249999998999996,21,0,0,0
3,TRT: Burn,2022,3_12,0.25,1,5500,280,4.86310870339724,burned,treated,49.625000003,20,1,0.047619047619047616,0.005012531328019296
3,TRT: Burn,2022,3_18,1.125,1,1000,1000,5.2476929239325205,burned,treated,41.291666663,19,2,0.09523809523809523,0.026522593322528477
3,TRT: Burn,2022,3_22,0.333333333,1,6000,520,0.3158482249790837,burned,treated,48.083333335,20,2,0.09090909090909091,0.0068846815764024875
3,TRT: Burn,2022,3_24,0.833333333,1,2000,560,4.464574825962408,burned,treated,26.958333335,18,1,0.05263157894736842,0.029985007482819313
3,TRT: Burn,2022,3_26,0.291666667,1,7500,1120,3.4627263104902775,burned,treated,28.541666666999998,21,1,0.045454545454545456,0.010115606947742993
3,TRT: Burn,2022,3_29,0,0,2000,2700,6.98779396815054,burned,treated,45.958333331,20,0,0,0
3,TRT: Burn,2022,3_33,0.041666667,1,500,1300,8.731045043863617,burned,treated,26.333333335,25,1,0.038461538461538464,0.0015797788434821019
3,Control,2002,3_2,0.083333333,1,12500,3418.5445168,9.280403780501683,unburned,0untreated,27.666666666,28,1,0.034482758620689655,0.0030030029910992073
3,Control,2002,3_5,0,0,4500,679.7106056,8.940698641390066,unburned,0untreated,9.750000002,27,0,0,0
3,Control,2002,3_9,0.083333334,1,13500,3638.4508892,5.302840713924251,unburned,0untreated,16.125000003,32,2,0.058823529411764705,0.005141388214775213
3,Control,2002,3_12,0.291666667,1,12000,3878.3487496,3.80886438255319,unburned,0untreated,27.041666667,25,4,0.13793103448275862,0.010670731719251932
3,Control,2002,3_18,0.583333333,1,30490,2858.7828415999998,6.042304273545186,unburned,0untreated,18.416666669,23,3,0.11538461538461539,0.03070175436518929
3,Control,2002,3_22,0.166666667,1,5500,2698.8509342,9.959862477439579,unburned,0untreated,20.749999999,22,2,0.08333333333333333,0.00796812750623006
3,Control,2002,3_24,0,0,6000,179.9233956,27.840211438746294,unburned,0untreated,30.583333330000002,20,0,0,0
3,Control,2002,3_26,0.041666667,1,3000,1959.1658628,27.030615059951785,unburned,0untreated,29.708333331000002,24,1,0.04,0.0014005602353882728
3,Control,2002,3_29,1.2916666669999999,1,3000,699.702094,19.241212111902243,unburned,0untreated,18.958333336,20,4,0.16666666666666666,0.06378600823746379
3,Control,2002,3_33,0.25000000099999997,1,3500,259.8893492,16.08459848669266,unburned,0untreated,18.083333336,25,3,0.10714285714285714,0.013636363688181817
3,Control,2022,3_2,0,0,7000,5220,5.668327692580657,unburned,0untreated,35.749999996,14,0,0,0
3,Control,2022,3_5,0.291666667,1,3000,1880,3.9150297335736974,unburned,0untreated,20.333333333,17,2,0.10526315789473684,0.014141414157575758
3,Control,2022,3_9,0,0,5000,4860,1.698691220001242,unburned,0untreated,29.083333339,15,0,0,0
3,Control,2022,3_12,0.041666667,1,12500,3480,3.9926122787066256,unburned,0untreated,23.5,16,1,0.058823529411764705,0.0017699115185590098
3,Control,2022,3_18,0.041666667,1,5000,6640,1.8978424605109319,unburned,0untreated,31.333333336,23,1,0.041666666666666664,0.0013280212588371613
3,Control,2022,3_22,0.041666667,1,1500,2680,11.84085072117911,unburned,0untreated,50.375000006,17,1,0.05555555555555555,8.264462874994876e-4
3,Control,2022,3_24,0.833333333,1,9000,280,15.194482348411386,unburned,0untreated,37.249999998,17,1,0.05555555555555555,0.0218818380669862
3,Control,2022,3_26,0.291666667,1,2500,1440,12.987931171301854,unburned,0untreated,42.375000006,20,2,0.09090909090909091,0.00683593750679779
3,Control,2022,3_29,0.583333333,1,1000,1000,2.67318653973507,unburned,0untreated,51.083333332,17,2,0.10526315789473684,0.011290322574557752
3,Control,2022,3_33,0,0,500,380,3.3601737837957355,unburned,0untreated,48.625000004,18,0,0,0
3,TRT: Thin + Burn,2002,3_2,0,0,500,119.94893040000001,2.4498721085721504,burned,treated,18.666666665,24,0,0,0
3,TRT: Thin + Burn,2002,3_5,0.666666667,1,0,99.95744200000001,1.4431034634779834,burned,treated,32.958333333,29,3,0.09375,0.019826517977695166
3,TRT: Thin + Burn,2002,3_9,0.25,1,0,0,0.7905903442618708,burned,treated,35.916666670000005,26,2,0.07142857142857142,0.006912442395676272
3,TRT: Thin + Burn,2002,3_12,0.041666667,1,0,0,1.079976615657553,burned,treated,12.958333334,20,1,0.047619047619047616,0.0032051282305226823
3,TRT: Thin + Burn,2002,3_18,0.125,1,0,219.9063724,0.9181139785346483,burned,treated,29.416666669,26,2,0.07142857142857142,0.004231311706294847
3,TRT: Thin + Burn,2002,3_22,0.5,1,0,0,1.370137023479634,burned,treated,16.583333333,26,6,0.1875,0.02926829268349792
3,TRT: Thin + Burn,2002,3_24,0.666666666,1,0,19.9914884,0.5823133020536353,burned,treated,12.333333335,24,3,0.1111111111111111,0.05128205122682446
3,TRT: Thin + Burn,2002,3_26,0.125,1,0,0,0.47964310662228016,burned,treated,20.458333334,26,2,0.07142857142857142,0.006072874493730434
3,TRT: Thin + Burn,2002,3_29,1.916666666,1,0,0,0.0383526890928896,burned,treated,16.500000001,23,6,0.20689655172413793,0.10407239815196248
3,TRT: Thin + Burn,2002,3_33,0.791666667,1,0,139.9404188,0.7368292437379366,burned,treated,20.666666668,23,4,0.14814814814814814,0.03689320389616363
3,TRT: Thin + Burn,2022,3_2,0,0,3000,60,2.2746098736686675,burned,treated,9.125000003,20,0,0,0
3,TRT: Thin + Burn,2022,3_5,0.916666667,1,3000,60,1.9624718734531976,burned,treated,19.208333334,19,2,0.09523809523809523,0.045548654258606276
3,TRT: Thin + Burn,2022,3_9,0,0,10000,60,0.8421078566700236,burned,treated,11.541666668,17,0,0,0
3,TRT: Thin + Burn,2022,3_12,0.041666667,1,4500,40,1.4793837189813643,burned,treated,8.41666667,18,1,0.05263157894736842,0.004926108411657647
3,TRT: Thin + Burn,2022,3_18,0.083333333,1,1500,220,1.6694795338312713,burned,treated,29.833333331000002,19,1,0.05,0.0027855153094404916
3,TRT: Thin + Burn,2022,3_22,0.083333334,1,3500,80,1.5947148452904356,burned,treated,30.625,23,2,0.08,0.0027137042278922397
3,TRT: Thin + Burn,2022,3_24,0.708333333,1,3000,340,0.3175372499094086,burned,treated,17.375000002,21,3,0.125,0.03917050689039903
3,TRT: Thin + Burn,2022,3_26,0.416666667,1,1000,120,0.4621374892360818,burned,treated,26.750000001,17,5,0.22727272727272727,0.015337423324400617
3,TRT: Thin + Burn,2022,3_29,0.541666666,1,500,220,0.07135342118988942,burned,treated,30.916666666999998,18,3,0.14285714285714285,0.01721854302534801
3,TRT: Thin + Burn,2022,3_33,1.083333333,1,4000,640,0.47549486139340197,burned,treated,43.833333333,17,1,0.05555555555555555,0.024118738397389518
3,TRT: Thin,2002,3_2,0.083333333,1,6000,99.95744200000001,2.2430341156045515,unburned,treated,24.541666667,17,1,0.05555555555555555,0.003384094741116751
3,TRT: Thin,2002,3_5,1.125000001,1,6000,1499.36163,0.893831993127986,unburned,treated,28.791666669,25,3,0.10714285714285714,0.03760445685374881
3,TRT: Thin,2002,3_9,0.083333334,1,3500,119.94893040000001,1.698691220001242,unburned,treated,24.208333333,23,2,0.08,0.003430531759815705
3,TRT: Thin,2002,3_12,0.166666667,1,4000,2099.1062816,1.5309327598548832,unburned,treated,28.375000001,22,2,0.08333333333333333,0.005839416069800202
3,TRT: Thin,2002,3_18,8.291666667000001,1,7500,4757.9742400000005,1.5758202864032005,unburned,treated,23.791666665,24,3,0.1111111111111111,0.2584415584626885
3,TRT: Thin,2002,3_22,0.125,1,2500,259.8893492,1.5570383291779861,unburned,treated,21.125000002,25,2,0.07407407407407407,0.005882352940622837
3,TRT: Thin,2002,3_24,0.541666667,1,10500,1159.5063272,1.1935415848978146,unburned,treated,29.625000001,29,3,0.09375,0.017955801115228473
3,TRT: Thin,2002,3_26,0.041666667,1,3500,299.872326,1.2365486636903695,unburned,treated,10.166666668,17,1,0.05555555555555555,0.004081632685047897
3,TRT: Thin,2002,3_28,0.125000001,1,6500,1359.4212112,1.2684582856823796,unburned,treated,14.375000002,25,3,0.10714285714285714,0.00862068972235434
3,TRT: Thin,2002,3_31,0,0,1000,479.7957216,2.234053007041704,unburned,treated,19.750000001,24,0,0,0
3,TRT: Thin,2022,3_2,0,0,3500,1140,3.340945360980606,unburned,treated,17.583333333,18,0,0,0
3,TRT: Thin,2022,3_5,0.041666667,1,3500,2380,3.4627263104902775,unburned,treated,43.58333333,16,1,0.058823529411764705,9.55109845337887e-4
3,TRT: Thin,2022,3_9,1.583333333,1,3500,1120,4.028676339018925,unburned,treated,31.166666667,16,2,0.1111111111111111,0.048346055969465646
3,TRT: Thin,2022,3_12,0.041666667,1,3000,3820,3.275438218082881,unburned,treated,42.375000001000004,17,1,0.05555555555555555,9.823182789475105e-4
3,TRT: Thin,2022,3_18,1.958333333,1,4000,4860,6.303281145612802,unburned,treated,43.208333333,21,2,0.08695652173913043,0.04335793357259569
3,TRT: Thin,2022,3_24,0,0,11500,3140,3.144772749716042,unburned,treated,36.041666666,25,0,0,0
3,TRT: Thin,2022,3_26,0.041666667,1,4500,3680,2.475777809945165,unburned,treated,24.125000002,17,1,0.05555555555555555,0.0017241379446611175
3,TRT: Thin,2022,3_28,0.125000001,1,4000,2540,2.7772304754430888,unburned,treated,35.208333335,21,3,0.125,0.003537735877091492
3,TRT: Thin,2022,3_31,0,0,500,1120,4.373093294677836,unburned,treated,47.749999997,16,0,0,0
