PlotCode,PlotTreatmentStatus,phase_adj,new_visit_code,site,TreatmentUnit,tpa,n,quadratic_mean_diameter,ba_m2pherha,ba_ft2peracre,shannon_native,shannon_exotic,nspp_exotic,nspp_native,fwd,elevation,slope,aspect,twi,fa,fa_x_slope,hli,aet_norm,def_norm,tmax_norm,tmin_norm,aet_trt,def_trt,tmax_trt,tmin_trt,aet_trt1,def_trt1,tmax_trt1,tmin_trt1,def_z_trt,def_z_trt1,plot,phase,trt_u_adj,graminoid_cover,sapling_density_per_acre,sapling_ba_ft_per_acre,seedlings_per_ha,native_cover,exotic_cover,no_exotics,log_saplingba,treated,invaded,exotic_relative_cover,exotic_relative_richness
ESV-13-C-01,Control,01_Pre,ESV-13-C-01.01_Pre,E,ESV-13,258.4,16,12.516139580557578,36.7296,160,2.1183340865117244,0.30463609734923813,2,40,11.75,2458,7.396257710809562,82.40535663140906,8.530989680413494,37.40535663140906,101.72783862330151,0.6528012726759264,396,521,2467,-954.5,294,807,2682,-787,424,424,2477,-1154,2.6651517745665725,-0.8729873230382708,ESV-13-C-01,01_Pre,ESV-13,6.125,0,0,0,20.2,0.275,99.725,0,not_treated,1,1.3431013431013434,4.761904761904762
ESV-13-C-01,Control,post0-1,ESV-13-C-01.post0-1,E,ESV-13,258.4,16,12.516139580557578,36.7296,160,2.211851280578889,0.039609104010397585,2,40,5,2458,7.396257710809562,82.40535663140906,8.530989680413494,37.40535663140906,101.72783862330151,0.6528012726759264,396,521,2467,-954.5,294,807,2682,-787,424,424,2477,-1154,2.6651517745665725,-0.8729873230382708,ESV-13-C-01,post0-1,ESV-13,17.2,0,0,0,27.4,3.8,96.2,0,not_treated,1,12.179487179487179,4.761904761904762
ESV-13-C-01,Control,post04-5,ESV-13-C-01.post04-5,E,ESV-13,371.25,22,12.669756401475416,50.5032,220,1.9041439011174521,0.8033149761408755,3,43,8.75,2458,7.396257710809562,82.40535663140906,8.530989680413494,37.40535663140906,101.72783862330151,0.6528012726759264,396,521,2467,-954.5,294,807,2682,-787,424,424,2477,-1154,2.6651517745665725,-0.8729873230382708,ESV-13-C-01,post04-5,ESV-13,33.875,0,0,988.4206520611042,55.6,3.75,96.25,0,not_treated,1,6.3184498736310015,6.521739130434782
ESV-13-C-01,Control,post10-11,ESV-13-C-01.post10-11,E,ESV-13,221.07999999999998,13,12.481062578038902,29.842799999999997,130,2.153327651508056,0.045707680130094394,3,47,8.75,2458,7.396257710809562,82.40535663140906,8.530989680413494,37.40535663140906,101.72783862330151,0.6528012726759264,396,521,2467,-954.5,294,807,2682,-787,424,424,2477,-1154,2.6651517745665725,-0.8729873230382708,ESV-13-C-01,post10-11,ESV-13,18.175,200,12.56,494.2103260305521,24.0125,7.3,92.7,2.6071242825122494,not_treated,1,23.313373253493015,6
ESV-13-C-02,Control,01_Pre,ESV-13-C-02.01_Pre,E,ESV-13,21.55,3,16.008122938058666,6.886799999999999,30,2.4121812517607184,0.6931471805599453,2,43,6.25,2396,23.86752526013052,101.74563342528856,5.700838778650409,56.74563342528856,277.2273947167794,0.5919891816856662,395.5,538,2486.5,-954,294,826,2701,-788,423,442,2495,-1153,2.6629977381679053,-0.8563017850274903,ESV-13-C-02,01_Pre,ESV-13,3.8,159.01999999999998,20,0,26.425,0.05,99.95,3.044522437723423,not_treated,1,0.18885741265344666,4.444444444444445
ESV-13-C-02,Control,post0-1,ESV-13-C-02.post0-1,E,ESV-13,21.55,3,16.008122938058666,6.886799999999999,30,2.814261005985764,0.6931471805599453,2,43,4,2396,23.86752526013052,101.74563342528856,5.700838778650409,56.74563342528856,277.2273947167794,0.5919891816856662,395.5,538,2486.5,-954,294,826,2701,-788,423,442,2495,-1153,2.6629977381679053,-0.8563017850274903,ESV-13-C-02,post0-1,ESV-13,10.2125,159.01999999999998,20,0,36.3875,0.05,99.95,3.044522437723423,not_treated,1,0.137221269296741,4.444444444444445
ESV-13-C-02,Control,post04-5,ESV-13-C-02.post04-5,E,ESV-13,212.96,8,12.207528414875798,18.3648,80,2.542126703200298,1.0986122886681096,3,44,7.75,2396,23.86752526013052,101.74563342528856,5.700838778650409,56.74563342528856,277.2273947167794,0.5919891816856662,395.5,538,2486.5,-954,294,826,2701,-788,423,442,2495,-1153,2.6629977381679053,-0.8563017850274903,ESV-13-C-02,post04-5,ESV-13,14.6,231.20749999999998,27.73,494.2103260305521,61.125,0.07500000000000001,99.925,3.3579418729911983,not_treated,1,0.12254901960784316,6.382978723404255
ESV-13-C-02,Control,post10-11,ESV-13-C-02.post10-11,E,ESV-13,76.78,5,14.323337599875247,11.478,50,2.529516027085381,0,1,45,4.25,2396,23.86752526013052,101.74563342528856,5.700838778650409,56.74563342528856,277.2273947167794,0.5919891816856662,395.5,538,2486.5,-954,294,826,2701,-788,423,442,2495,-1153,2.6629977381679053,-0.8563017850274903,ESV-13-C-02,post10-11,ESV-13,5.4875,219.45555555555555,46.07,0,27.6375,0.1375,99.8625,3.851635855413051,not_treated,1,0.49504950495049516,2.1739130434782608
ESV-13-C-03,Control,01_Pre,ESV-13-C-03.01_Pre,E,ESV-13,230.75,14,14.126469582211362,32.1384,140,2.156485814035497,0.6931471805599453,2,43,5.75,2411,15.646152415399767,130.03025927188992,5.977514214187216,85.03025927188992,336.33904104020303,0.7459722382906107,395.5,535,2467.5,-963.5,295,822,2682,-796,423,438,2477,-1162,2.6654826591252054,-0.8599318337705881,ESV-13-C-03,01_Pre,ESV-13,0.675,90.54,10,494.2103260305521,12.125,0.05,99.95,2.3978952727983707,not_treated,1,0.41067761806981523,4.444444444444445
ESV-13-C-03,Control,post0-1,ESV-13-C-03.post0-1,E,ESV-13,230.75,14,14.126469582211362,32.1384,140,2.1259584516756243,0,1,41,4.25,2411,15.646152415399767,130.03025927188992,5.977514214187216,85.03025927188992,336.33904104020303,0.7459722382906107,395.5,535,2467.5,-963.5,295,822,2682,-796,423,438,2477,-1162,2.6654826591252054,-0.8599318337705881,ESV-13-C-03,post0-1,ESV-13,4.375,90.54,10,494.2103260305521,17.825,0.025,99.975,2.3978952727983707,not_treated,1,0.14005602240896362,2.380952380952381
ESV-13-C-03,Control,post04-5,ESV-13-C-03.post04-5,E,ESV-13,304.11,17,13.99909660950852,39.0252,170,2.1808836941030445,0.926506603289533,3,42,12.75,2411,15.646152415399767,130.03025927188992,5.977514214187216,85.03025927188992,336.33904104020303,0.7459722382906107,395.5,535,2467.5,-963.5,295,822,2682,-796,423,438,2477,-1162,2.6654826591252054,-0.8599318337705881,ESV-13-C-03,post04-5,ESV-13,14.3,0,0,0,28.225,5,95,0,not_treated,1,15.048908954100826,6.666666666666667
ESV-13-C-03,Control,post10-11,ESV-13-C-03.post10-11,E,ESV-13,265.9,13,13.53917393230587,29.842799999999997,130,2.1191039394294005,0.6816102690529531,5,48,2.75,2411,15.646152415399767,130.03025927188992,5.977514214187216,85.03025927188992,336.33904104020303,0.7459722382906107,395.5,535,2467.5,-963.5,295,822,2682,-796,423,438,2477,-1162,2.6654826591252054,-0.8599318337705881,ESV-13-C-03,post10-11,ESV-13,5.875,1586.8139999999999,11.5,494.2103260305521,18.55,0.6,99.4,2.5257286443082556,not_treated,1,3.1331592689295036,9.433962264150944
ESV-13-T-83-02,Treatment,01_Pre,ESV-13-T-83-02.01_Pre,E,ESV-13,241.49,12,11.33431368308936,27.547199999999997,120,1.4430695913502896,0,1,38,9.75,2512,8.962148153024003,112.38013505196014,8.515498093595584,67.38013505196014,201.7148801768582,0.7012029309852773,396.5,507,2420,-980,296,792,2636,-811,422,411,2430,-1179,2.6628894734478523,-0.8816344209866359,ESV-13-T-83-02,01_Pre,ESV-13,1.875,0,0,1482.6309780916563,11.325,0.025,99.975,0,not_treated,1,0.22026431718061676,2.564102564102564
ESV-13-T-83-02,Treatment,post0-1,ESV-13-T-83-02.post0-1,E,ESV-13,130.73,9,12.103029923673382,20.6604,90,1.6267139595466427,0,1,32,10.25,2512,8.962148153024003,112.38013505196014,8.515498093595584,67.38013505196014,201.7148801768582,0.7012029309852773,396.5,507,2420,-980,296,792,2636,-811,422,411,2430,-1179,2.6628894734478523,-0.8816344209866359,ESV-13-T-83-02,post0-1,ESV-13,3.65,0,0,2471.0516301527605,7.45,0.025,99.975,0,treated,1,0.33444816053511706,3.0303030303030303
ESV-13-T-83-02,Treatment,post04-5,ESV-13-T-83-02.post04-5,E,ESV-13,131.87,10,12.884137534192966,22.956,100,1.384519110263871,0,1,39,18.25,2512,8.962148153024003,112.38013505196014,8.515498093595584,67.38013505196014,201.7148801768582,0.7012029309852773,396.5,507,2420,-980,296,792,2636,-811,422,411,2430,-1179,2.6628894734478523,-0.8816344209866359,ESV-13-T-83-02,post04-5,ESV-13,5.35,0,0,0,16.625,0.025,99.975,0,treated,1,0.15015015015015018,2.5
ESV-13-T-83-02,Treatment,post10-11,ESV-13-T-83-02.post10-11,E,ESV-13,122.69,10,12.996461056764645,22.956,100,1.344827571304235,0,0,30,17.5,2512,8.962148153024003,112.38013505196014,8.515498093595584,67.38013505196014,201.7148801768582,0.7012029309852773,396.5,507,2420,-980,296,792,2636,-811,422,411,2430,-1179,2.6628894734478523,-0.8816344209866359,ESV-13-T-83-02,post10-11,ESV-13,4.075,0,0,1482.6309780916563,9.1875,0,100,0,treated,0,0,0
ESV-13-T-83-03,Treatment,01_Pre,ESV-13-T-83-03.01_Pre,E,ESV-13,141.95,9,12.03827230128975,20.6604,90,1.0647908336774479,0,0,34,6,2518,12.317976785187769,135,7.1630065325534025,90,315.8727781243913,0.7576282165129654,396,493.5,2410.5,-988,296,778,2626,-819,422,398,2421,-1187,2.659199543594687,-0.8951297795357422,ESV-13-T-83-03,01_Pre,ESV-13,0.325,126.97,10,494.2103260305521,14.25,0,100,2.3978952727983707,not_treated,0,0,0
ESV-13-T-83-03,Treatment,post0-1,ESV-13-T-83-03.post0-1,E,ESV-13,154.07,10,12.064700576475158,22.956,100,1.8726992393326296,0,0,36,9.5,2518,12.317976785187769,135,7.1630065325534025,90,315.8727781243913,0.7576282165129654,396,493.5,2410.5,-988,296,778,2626,-819,422,398,2421,-1187,2.659199543594687,-0.8951297795357422,ESV-13-T-83-03,post0-1,ESV-13,1.325,126.97,10,1482.6309780916563,9.525,0,100,2.3978952727983707,treated,0,0,0
ESV-13-T-83-03,Treatment,post04-5,ESV-13-T-83-03.post04-5,E,ESV-13,189.01,12,12.007115945693759,27.547199999999997,120,2.101490993714758,1.3862943611198906,4,36,10.75,2518,12.317976785187769,135,7.1630065325534025,90,315.8727781243913,0.7576282165129654,396,493.5,2410.5,-988,296,778,2626,-819,422,398,2421,-1187,2.659199543594687,-0.8951297795357422,ESV-13-T-83-03,post04-5,ESV-13,3.125,79.58,10,988.4206520611042,19.175,0.1,99.9,2.3978952727983707,treated,1,0.5188067444876783,10
ESV-13-T-83-03,Treatment,post10-11,ESV-13-T-83-03.post10-11,E,ESV-13,191.22,10,11.791988805964836,22.956,100,2.0368009150891133,0.6931471805599453,2,39,7.5,2518,12.317976785187769,135,7.1630065325534025,90,315.8727781243913,0.7576282165129654,396,493.5,2410.5,-988,296,778,2626,-819,422,398,2421,-1187,2.659199543594687,-0.8951297795357422,ESV-13-T-83-03,post10-11,ESV-13,5.075,66.66666666666667,0,494.2103260305521,17.3125,0.05,99.95,0,treated,1,0.28797696184305255,4.878048780487805
ESV-13-T-83-04,Treatment,01_Pre,ESV-13-T-83-04.01_Pre,E,ESV-13,161.49,16,14.868485968651953,36.7296,160,2.0774353140995734,0,1,31,3.25,2524,8.008496487268248,127.5685920288276,8.439756790415972,82.5685920288276,233.66322888720117,0.7319155538700541,396.5,507,2420,-980,296,792,2636,-811,422,411,2430,-1179,2.6628894734478523,-0.8816344209866359,ESV-13-T-83-04,01_Pre,ESV-13,1.15,0,0,494.2103260305521,8.3,0.025,99.975,0,not_treated,1,0.3003003003003003,3.125
ESV-13-T-83-04,Treatment,post0-1,ESV-13-T-83-04.post0-1,E,ESV-13,161.49,16,14.868485968651953,36.7296,160,2.2243886361907554,0,1,30,12.25,2524,8.008496487268248,127.5685920288276,8.439756790415972,82.5685920288276,233.66322888720117,0.7319155538700541,396.5,507,2420,-980,296,792,2636,-811,422,411,2430,-1179,2.6628894734478523,-0.8816344209866359,ESV-13-T-83-04,post0-1,ESV-13,7.325,0,0,494.2103260305521,13.725,0.025,99.975,0,treated,1,0.18181818181818182,3.225806451612903
ESV-13-T-83-04,Treatment,post04-5,ESV-13-T-83-04.post04-5,E,ESV-13,155.13,16,15.153217480126127,36.7296,160,2.0198382640317614,0.19144408195771734,2,29,8.75,2524,8.008496487268248,127.5685920288276,8.439756790415972,82.5685920288276,233.66322888720117,0.7319155538700541,396.5,507,2420,-980,296,792,2636,-811,422,411,2430,-1179,2.6628894734478523,-0.8816344209866359,ESV-13-T-83-04,post04-5,ESV-13,12.55,293.36,10,0,26.65,0.525,99.475,2.3978952727983707,treated,1,1.9319227230910767,6.451612903225806
ESV-13-T-83-04,Treatment,post10-11,ESV-13-T-83-04.post10-11,E,ESV-13,158,17,15.282592942914613,39.0252,170,1.8033343857171396,0.6931471805599453,2,30,7,2524,8.008496487268248,127.5685920288276,8.439756790415972,82.5685920288276,233.66322888720117,0.7319155538700541,396.5,507,2420,-980,296,792,2636,-811,422,411,2430,-1179,2.6628894734478523,-0.8816344209866359,ESV-13-T-83-04,post10-11,ESV-13,7.1375,63.596666666666664,10,0,18.462500000000002,0.05,99.95,2.3978952727983707,treated,1,0.27008777852802157,6.25
ESV-28-C-01,Control,01_Pre,ESV-28-C-01.01_Pre,E,ESV-28,326.32,13,9.808199081929834,29.842799999999997,130,1.8391921940449947,0.6931471805599453,2,25,6,2495,12.914393856117075,7.523820438638788,5.096935155615604,37.47617956136122,134.67665610076207,0.6061485661039375,395.5,481,2439,-969.5,295,766,2655,-802,422,386,2449,-1169,2.662208869717184,-0.90534504056563,ESV-28-C-01,01_Pre,ESV-28,1.625,318.32,10,0,5.25,0.05,99.95,2.3978952727983707,not_treated,1,0.9433962264150945,7.4074074074074066
ESV-28-C-01,Control,post0-1,ESV-28-C-01.post0-1,E,ESV-28,326.32,13,9.808199081929834,29.842799999999997,130,2.3086265586668033,0,0,27,4,2495,12.914393856117075,7.523820438638788,5.096935155615604,37.47617956136122,134.67665610076207,0.6061485661039375,395.5,481,2439,-969.5,295,766,2655,-802,422,386,2449,-1169,2.662208869717184,-0.90534504056563,ESV-28-C-01,post0-1,ESV-28,1.325,318.32,10,0,4.25,0,100,2.3978952727983707,not_treated,0,0,0
ESV-28-C-01,Control,post04-5,ESV-28-C-01.post04-5,E,ESV-28,355.56,16,10.188841936157417,36.7296,160,1.9681673280069962,0,1,28,2,2495,12.914393856117075,7.523820438638788,5.096935155615604,37.47617956136122,134.67665610076207,0.6061485661039375,395.5,481,2439,-969.5,295,766,2655,-802,422,386,2449,-1169,2.662208869717184,-0.90534504056563,ESV-28-C-01,post04-5,ESV-28,2.9,462.025,40,988.4206520611042,7.025,0.025,99.975,3.713572066704308,not_treated,1,0.3546099290780142,3.4482758620689653
ESV-28-C-01,Control,post10-11,ESV-28-C-01.post10-11,E,ESV-28,316.12,13,9.878258955909184,29.842799999999997,130,2.152608005526164,0,0,32,5.75,2495,12.914393856117075,7.523820438638788,5.096935155615604,37.47617956136122,134.67665610076207,0.6061485661039375,395.5,481,2439,-969.5,295,766,2655,-802,422,386,2449,-1169,2.662208869717184,-0.90534504056563,ESV-28-C-01,post10-11,ESV-28,1.5625,196.59666666666666,118.81,0,5.2125,0,100,4.785907154651808,not_treated,0,0,0
ESV-28-C-02,Control,01_Pre,ESV-28-C-02.01_Pre,E,ESV-28,202.35,10,11.054229959612746,22.956,100,2.1840779745820726,1.0986122886681096,3,49,14,2398,11.731031269557306,128.29016319224286,8.791657019108879,83.29016319224286,285.2737487823006,0.7384468214604828,395.5,517,2486,-969.5,294,803,2701,-802,422,421,2495,-1168,2.659438313077015,-0.8729171653493398,ESV-28-C-02,01_Pre,ESV-28,2.5,0,0,0,20.8,0.07500000000000001,99.925,0,not_treated,1,0.35928143712574856,5.769230769230769
ESV-28-C-02,Control,post0-1,ESV-28-C-02.post0-1,E,ESV-28,202.35,10,11.054229959612746,22.956,100,2.5973897833137105,1.0986122886681096,3,40,6.25,2398,11.731031269557306,128.29016319224286,8.791657019108879,83.29016319224286,285.2737487823006,0.7384468214604828,395.5,517,2486,-969.5,294,803,2701,-802,422,421,2495,-1168,2.659438313077015,-0.8729171653493398,ESV-28-C-02,post0-1,ESV-28,6.975,0,0,0,25.325,0.07500000000000001,99.925,0,not_treated,1,0.29527559055118113,6.976744186046512
ESV-28-C-02,Control,post04-5,ESV-28-C-02.post04-5,E,ESV-28,243.11,11,10.959470790143108,25.2516,110,2.738539419861358,1.0869341598802709,6,49,3,2398,11.731031269557306,128.29016319224286,8.791657019108879,83.29016319224286,285.2737487823006,0.7384468214604828,395.5,517,2486,-969.5,294,803,2701,-802,422,421,2495,-1168,2.659438313077015,-0.8729171653493398,ESV-28-C-02,post04-5,ESV-28,9.2375,0,0,0,38.4625,0.85,99.15,0,not_treated,1,2.162162162162162,10.909090909090908
ESV-28-C-02,Control,post10-11,ESV-28-C-02.post10-11,E,ESV-28,161.34,10,11.705426092201856,22.956,100,2.778389819273574,1.791759469228055,6,53,3.75,2398,11.731031269557306,128.29016319224286,8.791657019108879,83.29016319224286,285.2737487823006,0.7384468214604828,395.5,517,2486,-969.5,294,803,2701,-802,422,421,2495,-1168,2.659438313077015,-0.8729171653493398,ESV-28-C-02,post10-11,ESV-28,7.2875,0,0,0,24.925,0.15000000000000002,99.85,0,not_treated,1,0.5982053838484548,10.16949152542373
ESV-28-C-03,Control,01_Pre,ESV-28-C-03.01_Pre,E,ESV-28,322.01,13,9.341182596849945,29.842799999999997,130,1.1204238629332481,0,0,34,13,2437,17.496914214784063,75.01836742760966,6.039553512278214,30.01836742760966,125.56476852374045,0.5430536917772711,395,521.5,2486,-952.5,294,808,2700,-786,422,425,2495,-1151,2.6637724971176686,-0.8725355319848169,ESV-28-C-03,01_Pre,ESV-28,0.6,0,0,494.2103260305521,7.025,0,100,0,not_treated,0,0,0
ESV-28-C-03,Control,post0-1,ESV-28-C-03.post0-1,E,ESV-28,322.01,13,9.341182596849945,29.842799999999997,130,1.3449984554710541,0,0,33,7.5,2437,17.496914214784063,75.01836742760966,6.039553512278214,30.01836742760966,125.56476852374045,0.5430536917772711,395,521.5,2486,-952.5,294,808,2700,-786,422,425,2495,-1151,2.6637724971176686,-0.8725355319848169,ESV-28-C-03,post0-1,ESV-28,1.8,0,0,494.2103260305521,10.95,0,100,0,not_treated,0,0,0
ESV-28-C-03,Control,post04-5,ESV-28-C-03.post04-5,E,ESV-28,341.9,15,9.673089820045437,34.434,150,2.018835044742116,0,1,34,5.5,2437,17.496914214784063,75.01836742760966,6.039553512278214,30.01836742760966,125.56476852374045,0.5430536917772711,395,521.5,2486,-952.5,294,808,2700,-786,422,425,2495,-1151,2.6637724971176686,-0.8725355319848169,ESV-28-C-03,post04-5,ESV-28,5.55,0,0,1482.6309780916563,15.925,0.025,99.975,0,not_treated,1,0.1567398119122257,2.857142857142857
ESV-28-C-03,Control,post10-11,ESV-28-C-03.post10-11,E,ESV-28,272.15,11,9.438798074485389,25.2516,110,2.388105110593031,0,1,31,5,2437,17.496914214784063,75.01836742760966,6.039553512278214,30.01836742760966,125.56476852374045,0.5430536917772711,395,521.5,2486,-952.5,294,808,2700,-786,422,425,2495,-1151,2.6637724971176686,-0.8725355319848169,ESV-28-C-03,post10-11,ESV-28,0.5625,200,10.36,3953.6826082444168,5.75,0.025,99.975,2.4300984132930052,not_treated,1,0.4329004329004329,3.125
ESV-28-C-05,Control,01_Pre,ESV-28-C-05.01_Pre,E,ESV-28,197.15,8,11.107317407907276,18.3648,80,0.9935611533420232,0,0,18,23.25,2447,13.380787471005558,295.64100582430456,7.202784997948418,109.35899417569544,400.0325619444279,0.8119381731607463,396.5,456,2493.5,-1020.5,297,739,2709,-852,422,362,2504,-1220,2.655440654892874,-0.92631650752077,ESV-28-C-05,01_Pre,ESV-28,0.05,0,0,494.2103260305521,15.7125,0,100,0,not_treated,0,0,0
ESV-28-C-05,Control,post0-1,ESV-28-C-05.post0-1,E,ESV-28,197.15,8,11.107317407907276,18.3648,80,1.3100991362774976,0,0,14,7.25,2447,13.380787471005558,295.64100582430456,7.202784997948418,109.35899417569544,400.0325619444279,0.8119381731607463,396.5,456,2493.5,-1020.5,297,739,2709,-852,422,362,2504,-1220,2.655440654892874,-0.92631650752077,ESV-28-C-05,post0-1,ESV-28,1.25,0,0,494.2103260305521,16.975,0,100,0,not_treated,0,0,0
ESV-28-C-05,Control,post04-5,ESV-28-C-05.post04-5,E,ESV-28,392.51,13,9.937845301209375,29.842799999999997,130,0.9643477330057094,0,1,19,12.75,2447,13.380787471005558,295.64100582430456,7.202784997948418,109.35899417569544,400.0325619444279,0.8119381731607463,396.5,456,2493.5,-1020.5,297,739,2709,-852,422,362,2504,-1220,2.655440654892874,-0.92631650752077,ESV-28-C-05,post04-5,ESV-28,0.275,0,0,494.2103260305521,23.875,0.025,99.975,0,not_treated,1,0.10460251046025106,5
ESV-28-C-05,Control,post10-11,ESV-28-C-05.post10-11,E,ESV-28,324.64,12,10.207676849639522,27.547199999999997,120,1.2354560045482563,0,0,19,7.75,2447,13.380787471005558,295.64100582430456,7.202784997948418,109.35899417569544,400.0325619444279,0.8119381731607463,396.5,456,2493.5,-1020.5,297,739,2709,-852,422,362,2504,-1220,2.655440654892874,-0.92631650752077,ESV-28-C-05,post10-11,ESV-28,1.075,120,13.79,988.4206520611042,21.2,0,100,2.6939512767227085,not_treated,0,0,0
ESV-28-T-461-02,Treatment,01_Pre,ESV-28-T-461-02.01_Pre,E,ESV-28,240.36,12,10.896023739572769,27.547199999999997,120,0.9313822690270415,0,0,24,7.25,2418,16.316192891267118,309.0531369460269,6.477758870076917,95.94686305397312,387.5611141024635,0.7854028249066574,396.5,477,2512.5,-986,294,761,2727,-818,426,382,2522,-1185,2.657008063483076,-0.9092983562787672,ESV-28-T-461-02,01_Pre,ESV-28,0.125,126.97,10,0,27.975,0,100,2.3978952727983707,not_treated,0,0,0
ESV-28-T-461-02,Treatment,post0-1,ESV-28-T-461-02.post0-1,E,ESV-28,243.59,12,10.886689120205462,27.547199999999997,120,1.6488308511297052,0,0,24,8.75,2418,16.316192891267118,309.0531369460269,6.477758870076917,95.94686305397312,387.5611141024635,0.7854028249066574,396.5,477,2512.5,-986,294,761,2727,-818,426,382,2522,-1185,2.657008063483076,-0.9092983562787672,ESV-28-T-461-02,post0-1,ESV-28,1.1,0,0,4447.892934274969,7.725,0,100,0,treated,0,0,0
ESV-28-T-461-02,Treatment,post04-5,ESV-28-T-461-02.post04-5,E,ESV-28,217.06,12,11.199739580305726,27.547199999999997,120,1.9802349989596053,0,1,34,8,2418,16.316192891267118,309.0531369460269,6.477758870076917,95.94686305397312,387.5611141024635,0.7854028249066574,396.5,477,2512.5,-986,294,761,2727,-818,426,382,2522,-1185,2.657008063483076,-0.9092983562787672,ESV-28-T-461-02,post04-5,ESV-28,5.05,0,0,1976.8413041222084,10.375,0.025,99.975,0,treated,1,0.2403846153846154,2.857142857142857
ESV-28-T-461-02,Treatment,post10-11,ESV-28-T-461-02.post10-11,E,ESV-28,173.72,10,11.350682798845186,22.956,100,2.2623317671385226,1.0986122886681096,3,37,8,2418,16.316192891267118,309.0531369460269,6.477758870076917,95.94686305397312,387.5611141024635,0.7854028249066574,396.5,477,2512.5,-986,294,761,2727,-818,426,382,2522,-1185,2.657008063483076,-0.9092983562787672,ESV-28-T-461-02,post10-11,ESV-28,4.7250000000000005,100,1.79,1976.8413041222084,8.637500000000001,0.07500000000000001,99.925,1.0260415958332743,treated,1,0.8608321377331422,7.5
ESV-28-T-462-05,Treatment,01_Pre,ESV-28-T-462-05.01_Pre,E,ESV-28,135.74,7,11.251095184787252,16.0692,70,1.3223846771164243,0,0,20,8.75,2459,9.065847621773523,306.2538377374448,7.2536550558663935,98.74616226255517,297.3202118003492,0.7655313065828213,396,477,2485.5,-986,295,762,2700,-819,424,382,2495,-1186,2.6612179430858456,-0.9100456886008688,ESV-28-T-462-05,01_Pre,ESV-28,0.825,0,0,988.4206520611042,9.65,0,100,0,not_treated,0,0,0
ESV-28-T-462-05,Treatment,post0-1,ESV-28-T-462-05.post0-1,E,ESV-28,67.3,5,12.391206559492097,11.478,50,1.3186719248333003,0,0,21,10.25,2459,9.065847621773523,306.2538377374448,7.2536550558663935,98.74616226255517,297.3202118003492,0.7655313065828213,396,477,2485.5,-986,295,762,2700,-819,424,382,2495,-1186,2.6612179430858456,-0.9100456886008688,ESV-28-T-462-05,post0-1,ESV-28,1.075,0,0,494.2103260305521,4.45,0,100,0,treated,0,0,0
ESV-28-T-462-05,Treatment,post04-5,ESV-28-T-462-05.post04-5,E,ESV-28,66.21,5,12.466033852031687,11.478,50,1.611773714245704,0,0,24,12.25,2459,9.065847621773523,306.2538377374448,7.2536550558663935,98.74616226255517,297.3202118003492,0.7655313065828213,396,477,2485.5,-986,295,762,2700,-819,424,382,2495,-1186,2.6612179430858456,-0.9100456886008688,ESV-28-T-462-05,post04-5,ESV-28,5.8,0,0,988.4206520611042,13.425,0,100,0,treated,0,0,0
ESV-28-T-462-05,Treatment,post10-11,ESV-28-T-462-05.post10-11,E,ESV-28,64.52,5,12.575293237137654,11.478,50,2.051097663190516,0.6931471805599453,2,25,7,2459,9.065847621773523,306.2538377374448,7.2536550558663935,98.74616226255517,297.3202118003492,0.7655313065828213,396,477,2485.5,-986,295,762,2700,-819,424,382,2495,-1186,2.6612179430858456,-0.9100456886008688,ESV-28-T-462-05,post10-11,ESV-28,2.1999999999999997,0,0,494.2103260305521,12.1875,0.05,99.95,0,treated,1,0.40858018386108275,7.4074074074074066
ESV-28-T-464-02,Treatment,01_Pre,ESV-28-T-464-02.01_Pre,E,ESV-28,258.31,10,9.689943240287839,22.956,100,1.9434106954357653,0,1,22,8,2469,15.812586976334876,1.7357045889282767,5.613682280953792,43.264295411071714,172.0406596131773,0.598313853372576,396,476.5,2476.5,-986.5,294,761,2691,-819,424,382,2486,-1186,2.653570092379495,-0.9085422984534284,ESV-28-T-464-02,01_Pre,ESV-28,4.3,0,0,988.4206520611042,5.4125,3.5,96.5,0,not_treated,1,39.27068723702665,4.3478260869565215
ESV-28-T-464-02,Treatment,post0-1,ESV-28-T-464-02.post0-1,E,ESV-28,144.71,7,10.53768746655817,16.0692,70,1.8088675830230556,0,0,21,9.5,2469,15.812586976334876,1.7357045889282767,5.613682280953792,43.264295411071714,172.0406596131773,0.598313853372576,396,476.5,2476.5,-986.5,294,761,2691,-819,424,382,2486,-1186,2.653570092379495,-0.9085422984534284,ESV-28-T-464-02,post0-1,ESV-28,4.275,0,0,1482.6309780916563,6.375,0,100,0,treated,0,0,0
ESV-28-T-464-02,Treatment,post04-5,ESV-28-T-464-02.post04-5,E,ESV-28,141.09,6,10.079517184204146,13.773599999999998,60,1.8083873311222756,1.791759469228055,6,33,12.75,2469,15.812586976334876,1.7357045889282767,5.613682280953792,43.264295411071714,172.0406596131773,0.598313853372576,396,476.5,2476.5,-986.5,294,761,2691,-819,424,382,2486,-1186,2.653570092379495,-0.9085422984534284,ESV-28-T-464-02,post04-5,ESV-28,35.05,0,0,1976.8413041222084,46.225,0.15000000000000002,99.85,0,treated,1,0.3234501347708895,15.384615384615385
ESV-28-T-464-02,Treatment,post10-11,ESV-28-T-464-02.post10-11,E,ESV-28,136.78,6,10.327471455621005,13.773599999999998,60,2.2589265151894775,0.7549967581308246,4,35,9.5,2469,15.812586976334876,1.7357045889282767,5.613682280953792,43.264295411071714,172.0406596131773,0.598313853372576,396,476.5,2476.5,-986.5,294,761,2691,-819,424,382,2486,-1186,2.653570092379495,-0.9085422984534284,ESV-28-T-464-02,post10-11,ESV-28,13.625,0,0,2471.0516301527605,24.1375,0.35000000000000003,99.65,0,treated,1,1.4293006636038796,10.256410256410255
ESV-28-T-465-04,Treatment,01_Pre,ESV-28-T-465-04.01_Pre,E,ESV-28,109.12,6,13.787917415863305,13.773599999999998,60,2.3963596650106225,0.9502705392332345,3,44,14.5,2406,9.357158721494413,141.34019174591032,7.6451055544017805,96.34019174591032,294.69957158500563,0.762408015686297,395.5,498.5,2495.5,-977.5,293,784,2710,-811,424,403,2504,-1177,2.66318896339946,-0.8900093384163248,ESV-28-T-465-04,01_Pre,ESV-28,4.1625,0,0,494.2103260305521,24.1625,0.125,99.875,0,not_treated,1,0.514668039114771,6.382978723404255
ESV-28-T-465-04,Treatment,post0-1,ESV-28-T-465-04.post0-1,E,ESV-28,62.92,5,14.838800490605701,11.478,50,2.6343222401486206,0,1,43,3.25,2406,9.357158721494413,141.34019174591032,7.6451055544017805,96.34019174591032,294.69957158500563,0.762408015686297,395.5,498.5,2495.5,-977.5,293,784,2710,-811,424,403,2504,-1177,2.66318896339946,-0.8900093384163248,ESV-28-T-465-04,post0-1,ESV-28,18.55,0,0,0,38.575,0.025,99.975,0,treated,1,0.06476683937823835,2.272727272727273
ESV-28-T-465-04,Treatment,post04-5,ESV-28-T-465-04.post04-5,E,ESV-28,53.629999999999995,5,15.248803231729367,11.478,50,2.3729321400702825,0.46519961857351994,5,52,2,2406,9.357158721494413,141.34019174591032,7.6451055544017805,96.34019174591032,294.69957158500563,0.762408015686297,395.5,498.5,2495.5,-977.5,293,784,2710,-811,424,403,2504,-1177,2.66318896339946,-0.8900093384163248,ESV-28-T-465-04,post04-5,ESV-28,51.325,0,0,0,93,2.85,97.15,0,treated,1,2.9733959311424103,8.771929824561402
ESV-28-T-465-04,Treatment,post10-11,ESV-28-T-465-04.post10-11,E,ESV-28,47.54,5,15.560655513184527,11.478,50,2.356079125444813,0.3701618680735562,6,53,0.25,2406,9.357158721494413,141.34019174591032,7.6451055544017805,96.34019174591032,294.69957158500563,0.762408015686297,395.5,498.5,2495.5,-977.5,293,784,2710,-811,424,403,2504,-1177,2.66318896339946,-0.8900093384163248,ESV-28-T-465-04,post10-11,ESV-28,23.412499999999998,0,0,0,49.5125,1.7625,98.2375,0,treated,1,3.4373476352998535,10.16949152542373
ESV-28-T-467-01,Treatment,01_Pre,ESV-28-T-467-01.01_Pre,E,ESV-28,389.3,15,9.47227533383611,34.434,150,2.00138457671384,0.2868359830561607,2,44,7.5,2426,15.760803994388729,53.65254179111473,6.399249512817402,8.652541791114743,34.350486289336516,0.5119163383990232,395.5,489.5,2448.5,-969.5,294,774,2664,-802,422,395,2458,-1168,2.658082717022056,-0.8920641750889248,ESV-28-T-467-01,01_Pre,ESV-28,4.375,0,0,0,12.950000000000001,0.30000000000000004,99.7,0,not_treated,1,2.264150943396227,4.3478260869565215
ESV-28-T-467-01,Treatment,post0-1,ESV-28-T-467-01.post0-1,E,ESV-28,196.45,10,10.200343131483372,22.956,100,2.563725727164302,0,0,45,14,2426,15.760803994388729,53.65254179111473,6.399249512817402,8.652541791114743,34.350486289336516,0.5119163383990232,395.5,489.5,2448.5,-969.5,294,774,2664,-802,422,395,2458,-1168,2.658082717022056,-0.8920641750889248,ESV-28-T-467-01,post0-1,ESV-28,6.075,0,0,0,13.525,0,100,0,treated,0,0,0
ESV-28-T-467-01,Treatment,post04-5,ESV-28-T-467-01.post04-5,E,ESV-28,210.53,11,10.321953655811834,25.2516,110,2.4793770765380656,0.9852585396514356,7,54,8,2426,15.760803994388729,53.65254179111473,6.399249512817402,8.652541791114743,34.350486289336516,0.5119163383990232,395.5,489.5,2448.5,-969.5,294,774,2664,-802,422,395,2458,-1168,2.658082717022056,-0.8920641750889248,ESV-28-T-467-01,post04-5,ESV-28,28.9125,0,0,1976.8413041222084,52.5375,1.6500000000000001,98.35,0,treated,1,3.0449826989619377,11.475409836065573
ESV-28-T-467-01,Treatment,post10-11,ESV-28-T-467-01.post10-11,E,ESV-28,175.95,10,10.649131419979753,22.956,100,2.519600159537487,2.0794415416798357,8,55,10.5,2426,15.760803994388729,53.65254179111473,6.399249512817402,8.652541791114743,34.350486289336516,0.5119163383990232,395.5,489.5,2448.5,-969.5,294,774,2664,-802,422,395,2458,-1168,2.658082717022056,-0.8920641750889248,ESV-28-T-467-01,post10-11,ESV-28,12.675,100,7.96,3459.4722822138647,29.55,0.2,99.8,2.192770226986839,treated,1,0.6722689075630253,12.698412698412698
ESV-34-C-01,Control,01_Pre,ESV-34-C-01.01_Pre,E,ESV-34,521.8199999999999,11,7.113367697511496,25.2516,110,1.642817346262457,0,0,30,8.5,2162,14.358399648071106,351.3268259521207,6.885036057442566,53.673174047879286,203.38096205021225,0.6416325106281584,393,531,2675,-887.5,285,822,2889,-725,425,435,2684,-1086,2.6557731865840437,-0.8720902798050574,ESV-34-C-01,01_Pre,ESV-34,2.25,270.6425,80,988.4206520611042,14.55,0,100,4.394449154672439,not_treated,0,0,0
ESV-34-C-01,Control,post0-1,ESV-34-C-01.post0-1,E,ESV-34,521.8199999999999,11,7.113367697511496,25.2516,110,1.2583794006560245,0,0,25,9.25,2162,14.358399648071106,351.3268259521207,6.885036057442566,53.673174047879286,203.38096205021225,0.6416325106281584,393,531,2675,-887.5,285,822,2889,-725,425,435,2684,-1086,2.6557731865840437,-0.8720902798050574,ESV-34-C-01,post0-1,ESV-34,0.275,270.6425,80,988.4206520611042,12,0,100,4.394449154672439,not_treated,0,0,0
ESV-34-C-01,Control,post04-5,ESV-34-C-01.post04-5,E,ESV-34,773.28,17,7.316218888437484,39.0252,170,1.4771132748617968,0,1,25,10.25,2162,14.358399648071106,351.3268259521207,6.885036057442566,53.673174047879286,203.38096205021225,0.6416325106281584,393,531,2675,-887.5,285,822,2889,-725,425,435,2684,-1086,2.6557731865840437,-0.8720902798050574,ESV-34-C-01,post04-5,ESV-34,3.05,121.14625,80,494.2103260305521,24.625,0.025,99.975,4.394449154672439,not_treated,1,0.10141987829614607,3.8461538461538463
ESV-34-C-01,Control,post10-11,ESV-34-C-01.post10-11,E,ESV-34,740.33,16,7.078753421330623,36.7296,160,2.067272083859859,0,1,27,9.5,2162,14.358399648071106,351.3268259521207,6.885036057442566,53.673174047879286,203.38096205021225,0.6416325106281584,393,531,2675,-887.5,285,822,2889,-725,425,435,2684,-1086,2.6557731865840437,-0.8720902798050574,ESV-34-C-01,post10-11,ESV-34,1.0999999999999999,237.76818181818183,124.68,494.2103260305521,9.6625,0.025,99.975,4.833738993947366,not_treated,1,0.25806451612903225,3.571428571428571
ESV-34-C-02,Control,01_Pre,ESV-34-C-02.01_Pre,E,ESV-34,568.42,14,7.10960115417374,32.1384,140,1.1401848866903932,0,0,31,30.75,2157,26.948574191095787,295.48412699041694,5.860638421379643,109.51587300958306,568.518976661618,0.8648253524400311,392.5,540,2694,-878,285,831,2908,-715,424,443,2703,-1075,2.649616747969728,-0.8719108777858827,ESV-34-C-02,01_Pre,ESV-34,0.05,131.7025,40,0,29.9,0,100,3.713572066704308,not_treated,0,0,0
ESV-34-C-02,Control,post0-1,ESV-34-C-02.post0-1,E,ESV-34,568.42,14,7.10960115417374,32.1384,140,1.0225957327091173,0,0,25,8.5,2157,26.948574191095787,295.48412699041694,5.860638421379643,109.51587300958306,568.518976661618,0.8648253524400311,392.5,540,2694,-878,285,831,2908,-715,424,443,2703,-1075,2.649616747969728,-0.8719108777858827,ESV-34-C-02,post0-1,ESV-34,0.05,131.7025,40,988.4206520611042,21.525,0,100,3.713572066704308,not_treated,0,0,0
ESV-34-C-02,Control,post04-5,ESV-34-C-02.post04-5,E,ESV-34,537.87,15,7.4209613034071715,34.434,150,1.1656565394458753,0,1,32,7.25,2157,26.948574191095787,295.48412699041694,5.860638421379643,109.51587300958306,568.518976661618,0.8648253524400311,392.5,540,2694,-878,285,831,2908,-715,424,443,2703,-1075,2.649616747969728,-0.8719108777858827,ESV-34-C-02,post04-5,ESV-34,0.1,135.10999999999999,20,0,23.2,0.025,99.975,3.044522437723423,not_treated,1,0.10764262648008613,3.0303030303030303
ESV-34-C-02,Control,post10-11,ESV-34-C-02.post10-11,E,ESV-34,480.54,14,7.679983258910325,32.1384,140,1.488673959324719,0,1,30,8.25,2157,26.948574191095787,295.48412699041694,5.860638421379643,109.51587300958306,568.518976661618,0.8648253524400311,392.5,540,2694,-878,285,831,2908,-715,424,443,2703,-1075,2.649616747969728,-0.8719108777858827,ESV-34-C-02,post10-11,ESV-34,0.125,234.5559090909091,187.55,0,11.4875,0.025,99.975,5.239363223704366,not_treated,1,0.21715526601520088,3.225806451612903
ESV-34-C-03,Control,01_Pre,ESV-34-C-03.01_Pre,E,ESV-34,408.19,15,9.456708377301974,34.434,150,1.8969192194422626,0,0,29,11.5,2129,20.719931082543695,330.8191939474994,6.18812067847504,74.1808060525006,337.6647312407664,0.6922094459024489,391.5,552,2712.5,-886,285,843,2926,-724,423,456,2721,-1084,2.649917760446526,-0.8477567732942838,ESV-34-C-03,01_Pre,ESV-34,1.025,97.08500000000001,20,494.2103260305521,27.75,0,100,3.044522437723423,not_treated,0,0,0
ESV-34-C-03,Control,post0-1,ESV-34-C-03.post0-1,E,ESV-34,408.19,15,9.456708377301974,34.434,150,1.625444749809614,0,0,24,5.75,2129,20.719931082543695,330.8191939474994,6.18812067847504,74.1808060525006,337.6647312407664,0.6922094459024489,391.5,552,2712.5,-886,285,843,2926,-724,423,456,2721,-1084,2.649917760446526,-0.8477567732942838,ESV-34-C-03,post0-1,ESV-34,3.3,97.08500000000001,20,494.2103260305521,19.9,0,100,3.044522437723423,not_treated,0,0,0
ESV-34-C-03,Control,post04-5,ESV-34-C-03.post04-5,E,ESV-34,411.78000000000003,16,9.709563584425409,36.7296,160,2.2670867334603146,0.6931471805599453,2,32,14,2129,20.719931082543695,330.8191939474994,6.18812067847504,74.1808060525006,337.6647312407664,0.6922094459024489,391.5,552,2712.5,-886,285,843,2926,-724,423,456,2721,-1084,2.649917760446526,-0.8477567732942838,ESV-34-C-03,post04-5,ESV-34,7.025,76.36,10,0,35.975,0.5,99.5,2.3978952727983707,not_treated,1,1.3708019191226868,5.88235294117647
ESV-34-C-03,Control,post10-11,ESV-34-C-03.post10-11,E,ESV-34,435.13,15,9.55796352089014,34.434,150,1.7794266186080037,0,1,34,8.75,2129,20.719931082543695,330.8191939474994,6.18812067847504,74.1808060525006,337.6647312407664,0.6922094459024489,391.5,552,2712.5,-886,285,843,2926,-724,423,456,2721,-1084,2.649917760446526,-0.8477567732942838,ESV-34-C-03,post10-11,ESV-34,3.325,189.32375,26.77,494.2103260305521,21.425,0.025,99.975,3.323956301318708,not_treated,1,0.11655011655011654,2.857142857142857
ESV-34-T-524-03,Treatment,01_Pre,ESV-34-T-524-03.01_Pre,E,ESV-34,295.61,17,8.594184079946158,39.0252,170,1.9972863312103064,0,0,34,5,2142,17.919294184541798,291.8014094863519,6.534719279897048,113.19859051364813,479.18307374320835,0.8480115902721539,391.5,563,2694,-877,286,856,2908,-714,422,466,2703,-1074,2.653475152683505,-0.8438391749493678,ESV-34-T-524-03,01_Pre,ESV-34,0.825,158.61,10,0,9.45,0,100,2.3978952727983707,not_treated,0,0,0
ESV-34-T-524-03,Treatment,post0-1,ESV-34-T-524-03.post0-1,E,ESV-34,295.61,13,9.827825489199217,29.842799999999997,130,1.906610070815533,0,0,29,14.5,2142,17.919294184541798,291.8014094863519,6.534719279897048,113.19859051364813,479.18307374320835,0.8480115902721539,391.5,563,2694,-877,286,856,2908,-714,422,466,2703,-1074,2.653475152683505,-0.8438391749493678,ESV-34-T-524-03,post0-1,ESV-34,0.575,0,0,0,4.125,0,100,0,treated,0,0,0
ESV-34-T-524-03,Treatment,post04-5,ESV-34-T-524-03.post04-5,E,ESV-34,231.08,11,10.139078315651235,25.2516,110,2.178716621129121,1.3862943611198906,4,37,8.5,2142,17.919294184541798,291.8014094863519,6.534719279897048,113.19859051364813,479.18307374320835,0.8480115902721539,391.5,563,2694,-877,286,856,2908,-714,422,466,2703,-1074,2.653475152683505,-0.8438391749493678,ESV-34-T-524-03,post04-5,ESV-34,4.575,0,0,0,17.7,0.1,99.9,0,treated,1,0.5617977528089888,9.75609756097561
ESV-34-T-524-03,Treatment,post10-11,ESV-34-T-524-03.post10-11,E,ESV-34,173.97,10,10.86710633057393,22.956,100,2.4973387468202852,1.0986122886681096,3,43,6.75,2142,17.919294184541798,291.8014094863519,6.534719279897048,113.19859051364813,479.18307374320835,0.8480115902721539,391.5,563,2694,-877,286,856,2908,-714,422,466,2703,-1074,2.653475152683505,-0.8438391749493678,ESV-34-T-524-03,post10-11,ESV-34,1.85,0,0,0,7.1375,0.07500000000000001,99.925,0,treated,1,1.0398613518197575,6.521739130434782
ESV-34-T-524-04,Treatment,01_Pre,ESV-34-T-524-04.01_Pre,E,ESV-34,458.82,19,8.32102599949132,43.6164,190,1.7383057871079628,0,0,28,16,2125,17.750074614643932,305.1806993612424,6.840154734464788,99.81930063875762,420.54707262980855,0.8028515633138393,392.5,540,2694,-878,285,831,2908,-715,424,443,2703,-1075,2.649616747969728,-0.8719108777858827,ESV-34-T-524-04,01_Pre,ESV-34,0.1,94.85,20,494.2103260305521,19.95,0,100,3.044522437723423,not_treated,0,0,0
ESV-34-T-524-04,Treatment,post0-1,ESV-34-T-524-04.post0-1,E,ESV-34,235.36,10,9.270760486605186,22.956,100,1.9987729041756486,0,0,31,15.5,2125,17.750074614643932,305.1806993612424,6.840154734464788,99.81930063875762,420.54707262980855,0.8028515633138393,392.5,540,2694,-878,285,831,2908,-715,424,443,2703,-1075,2.649616747969728,-0.8719108777858827,ESV-34-T-524-04,post0-1,ESV-34,0.07500000000000001,0,0,0,6.15,0,100,0,treated,0,0,0
ESV-34-T-524-04,Treatment,post04-5,ESV-34-T-524-04.post04-5,E,ESV-34,273.4,13,9.691312525222704,29.842799999999997,130,2.6020959258935807,1.218763776501791,9,49,7.75,2125,17.750074614643932,305.1806993612424,6.840154734464788,99.81930063875762,420.54707262980855,0.8028515633138393,392.5,540,2694,-878,285,831,2908,-715,424,443,2703,-1075,2.649616747969728,-0.8719108777858827,ESV-34-T-524-04,post04-5,ESV-34,15.65,0,0,0,75.275,15.875,84.125,0,treated,1,17.416346681294566,15.517241379310345
ESV-34-T-524-04,Treatment,post10-11,ESV-34-T-524-04.post10-11,E,ESV-34,117.5,7,10.890756237680257,16.0692,70,2.397684253683929,1.1935680981153647,7,57,2,2125,17.750074614643932,305.1806993612424,6.840154734464788,99.81930063875762,420.54707262980855,0.8028515633138393,392.5,540,2694,-878,285,831,2908,-715,424,443,2703,-1075,2.649616747969728,-0.8719108777858827,ESV-34-T-524-04,post10-11,ESV-34,11.975,66.66666666666667,0.01,9389.99619458049,44.2,1.925,98.075,0.009950330853168092,treated,1,4.173441734417344,10.9375
ESV-34-T-524-06,Treatment,01_Pre,ESV-34-T-524-06.01_Pre,E,ESV-34,585.17,16,7.928587516071195,36.7296,160,1.444092204402122,0,0,33,7.75,2150,16.56590340330597,312.662694140877,7.020798614664964,92.33730585912298,375.8242169295465,0.7730894729393087,393,531,2675,-887.5,285,822,2889,-725,425,435,2684,-1086,2.6557731865840437,-0.8720902798050574,ESV-34-T-524-06,01_Pre,ESV-34,0.775,130.2125,40,988.4206520611042,15.35,0,100,3.713572066704308,not_treated,0,0,0
ESV-34-T-524-06,Treatment,post0-1,ESV-34-T-524-06.post0-1,E,ESV-34,62.349999999999994,3,9.898989847454134,6.886799999999999,30,0.8250496862898813,0,0,29,16,2150,16.56590340330597,312.662694140877,7.020798614664964,92.33730585912298,375.8242169295465,0.7730894729393087,393,531,2675,-887.5,285,822,2889,-725,425,435,2684,-1086,2.6557731865840437,-0.8720902798050574,ESV-34-T-524-06,post0-1,ESV-34,0.775,0,0,0,12.2625,0,100,0,treated,0,0,0
ESV-34-T-524-06,Treatment,post04-5,ESV-34-T-524-06.post04-5,E,ESV-34,85.71000000000001,5,10.49942855587865,11.478,50,2.3009548069967733,1.4974004242218149,9,47,16,2150,16.56590340330597,312.662694140877,7.020798614664964,92.33730585912298,375.8242169295465,0.7730894729393087,393,531,2675,-887.5,285,822,2889,-725,425,435,2684,-1086,2.6557731865840437,-0.8720902798050574,ESV-34-T-524-06,post04-5,ESV-34,14.025,0,0,494.2103260305521,48.5,10.075,89.925,0,treated,1,17.200170721297482,16.071428571428573
ESV-34-T-524-06,Treatment,post10-11,ESV-34-T-524-06.post10-11,E,ESV-34,71.71,5,11.376291135515125,11.478,50,2.065627788355803,1.1907516661892827,7,55,7.25,2150,16.56590340330597,312.662694140877,7.020798614664964,92.33730585912298,375.8242169295465,0.7730894729393087,393,531,2675,-887.5,285,822,2889,-725,425,435,2684,-1086,2.6557731865840437,-0.8720902798050574,ESV-34-T-524-06,post10-11,ESV-34,10.3125,0,0,0,37.7625,2.15,97.85,0,treated,1,5.386783589101158,11.29032258064516
P1-2-C-01,Control,01_Pre,P1-2-C-01.01_Pre,P,PHA-1-2,148.22,7,11.296522853136207,16.0692,70,1.8404963430972239,0,0,30,5.75,2745,2.9154282141630588,155.5560452195871,7.231157118308226,110.5560452195871,188.7703021784225,0.9680461414739973,375.5,528,2355.5,-1365.5,232,850,2564,-1180,380,446,2339,-1607,2.6926669110717345,-0.7743598563976614,P1-2-C-01,01_Pre,PHA-1-2,3.025,133.93,20,2471.0516301527605,13.275,0,100,3.044522437723423,not_treated,0,0,0
P1-2-C-01,Control,post0-1,P1-2-C-01.post0-1,P,PHA-1-2,148.22,7,11.296522853136207,16.0692,70,1.7793428223194665,0,0,27,3,2745,2.9154282141630588,155.5560452195871,7.231157118308226,110.5560452195871,188.7703021784225,0.9680461414739973,375.5,528,2355.5,-1365.5,232,850,2564,-1180,380,446,2339,-1607,2.6926669110717345,-0.7743598563976614,P1-2-C-01,post0-1,PHA-1-2,1.275,133.93,20,2471.0516301527605,12.975,0,100,3.044522437723423,not_treated,0,0,0
P1-2-C-01,Control,post04-5,P1-2-C-01.post04-5,P,PHA-1-2,224.41,11,11.399481646907539,25.2516,110,1.861553246335655,0,0,29,4.5,2745,2.9154282141630588,155.5560452195871,7.231157118308226,110.5560452195871,188.7703021784225,0.9680461414739973,375.5,528,2355.5,-1365.5,232,850,2564,-1180,380,446,2339,-1607,2.6926669110717345,-0.7743598563976614,P1-2-C-01,post04-5,PHA-1-2,3.275,133.93,10,0,21.75,0,100,2.3978952727983707,not_treated,0,0,0
P1-2-C-01,Control,post10-11,P1-2-C-01.post10-11,P,PHA-1-2,202.28,10,11.641692316841224,22.956,100,2.0255799975494213,0,1,31,4.75,2745,2.9154282141630588,155.5560452195871,7.231157118308226,110.5560452195871,188.7703021784225,0.9680461414739973,375.5,528,2355.5,-1365.5,232,850,2564,-1180,380,446,2339,-1607,2.6926669110717345,-0.7743598563976614,P1-2-C-01,post10-11,PHA-1-2,5.0875,42.32333333333333,10,0,13.5875,0.025,99.975,2.3978952727983707,not_treated,1,0.18365472910927455,3.125
P1-2-C-02,Control,01_Pre,P1-2-C-02.01_Pre,P,PHA-1-2,229.63,11,12.313997947642571,25.2516,110,2.222502643506533,0,0,33,3.25,2713,9.117945448857018,156.80140948635298,6.262347981562432,111.80140948635298,337.59481943958446,0.9674221748391727,380,530,2375.5,-1346,240,852,2584,-1160,388,448,2361,-1588,2.690328662749109,-0.7755284155373704,P1-2-C-02,01_Pre,PHA-1-2,9,0,0,4447.892934274969,17.825,0,100,0,not_treated,0,0,0
P1-2-C-02,Control,post0-1,P1-2-C-02.post0-1,P,PHA-1-2,229.63,11,12.313997947642571,25.2516,110,2.0732161445258726,0,0,30,3.5,2713,9.117945448857018,156.80140948635298,6.262347981562432,111.80140948635298,337.59481943958446,0.9674221748391727,380,530,2375.5,-1346,240,852,2584,-1160,388,448,2361,-1588,2.690328662749109,-0.7755284155373704,P1-2-C-02,post0-1,PHA-1-2,3.75,0,0,1976.8413041222084,11.3875,0,100,0,not_treated,0,0,0
P1-2-C-02,Control,post04-5,P1-2-C-02.post04-5,P,PHA-1-2,222.91,12,12.890726641013428,27.547199999999997,120,2.247780969304926,0,0,33,7.25,2713,9.117945448857018,156.80140948635298,6.262347981562432,111.80140948635298,337.59481943958446,0.9674221748391727,380,530,2375.5,-1346,240,852,2584,-1160,388,448,2361,-1588,2.690328662749109,-0.7755284155373704,P1-2-C-02,post04-5,PHA-1-2,11,0,0,748.8035242887154,22.95,0,100,0,not_treated,0,0,0
P1-2-C-02,Control,post10-11,P1-2-C-02.post10-11,P,PHA-1-2,207.79999999999998,12,13.147274749290567,27.547199999999997,120,2.4900484178809754,0.1425058673927379,2,38,6.25,2713,9.117945448857018,156.80140948635298,6.262347981562432,111.80140948635298,337.59481943958446,0.9674221748391727,380,530,2375.5,-1346,240,852,2584,-1160,388,448,2361,-1588,2.690328662749109,-0.7755284155373704,P1-2-C-02,post10-11,PHA-1-2,5.2250000000000005,0,0,1482.6309780916563,7.9625,0.775,99.225,0,not_treated,1,8.869814020028612,5
P1-2-C-03,Control,01_Pre,P1-2-C-03.01_Pre,P,PHA-1-2,225.97,8,10.311825735532967,18.3648,80,1.9182710105380276,0,0,40,12.75,2732,3.88794701947118,119.74488129694444,8.254336582170524,74.74488129694444,147.38104299241604,0.9481173334870329,378.5,527.5,2375.5,-1356,237,849,2584,-1171,385,445,2360,-1598,2.691807077262223,-0.777060735222428,P1-2-C-03,01_Pre,PHA-1-2,5.325,0,0,4942.103260305521,38.925,0,100,0,not_treated,0,0,0
P1-2-C-03,Control,post0-1,P1-2-C-03.post0-1,P,PHA-1-2,225.97,8,10.311825735532967,18.3648,80,1.8257706052127367,0,0,35,8,2732,3.88794701947118,119.74488129694444,8.254336582170524,74.74488129694444,147.38104299241604,0.9481173334870329,378.5,527.5,2375.5,-1356,237,849,2584,-1171,385,445,2360,-1598,2.691807077262223,-0.777060735222428,P1-2-C-03,post0-1,PHA-1-2,3.025,0,0,4447.892934274969,44.8,0,100,0,not_treated,0,0,0
P1-2-C-03,Control,post04-5,P1-2-C-03.post04-5,P,PHA-1-2,244.18,9,10.380858453048198,20.6604,90,2.0122122869430354,0,0,41,15,2732,3.88794701947118,119.74488129694444,8.254336582170524,74.74488129694444,147.38104299241604,0.9481173334870329,378.5,527.5,2375.5,-1356,237,849,2584,-1171,385,445,2360,-1598,2.691807077262223,-0.777060735222428,P1-2-C-03,post04-5,PHA-1-2,6.05,0,0,5990.428194309723,53.4,0,100,0,not_treated,0,0,0
P1-2-C-03,Control,post10-11,P1-2-C-03.post10-11,P,PHA-1-2,185.1,8,11.181569657252957,18.3648,80,1.9900482588589559,0,1,40,18.75,2732,3.88794701947118,119.74488129694444,8.254336582170524,74.74488129694444,147.38104299241604,0.9481173334870329,378.5,527.5,2375.5,-1356,237,849,2584,-1171,385,445,2360,-1598,2.691807077262223,-0.777060735222428,P1-2-C-03,post10-11,PHA-1-2,1.95,171.42857142857142,11.23,8401.575542519386,37.0375,0.25,99.75,2.503891949699081,not_treated,1,0.670465973851827,2.4390243902439024
P1-2-C-04,Control,01_Pre,P1-2-C-04.01_Pre,P,PHA-1-2,272.79,16,11.5796696844081,36.7296,160,2.241876477874259,0,0,32,21.75,2755,8.482306992644519,312.70938995736105,5.190106974386713,92.29061004263895,268.7908681000544,0.9443006613334085,374,526,2386.5,-1385,231,846,2596,-1197,379,442,2371,-1627,2.6889416749772734,-0.7873221224333457,P1-2-C-04,01_Pre,PHA-1-2,9.5,0,0,1482.6309780916563,16.75,0,100,0,not_treated,0,0,0
P1-2-C-04,Control,post0-1,P1-2-C-04.post0-1,P,PHA-1-2,263.44,15,11.40005847938217,34.434,150,2.257016322469165,0,0,33,20.75,2755,8.482306992644519,312.70938995736105,5.190106974386713,92.29061004263895,268.7908681000544,0.9443006613334085,374,526,2386.5,-1385,231,846,2596,-1197,379,442,2371,-1627,2.6889416749772734,-0.7873221224333457,P1-2-C-04,post0-1,PHA-1-2,5.775,0,0,3953.6826082444168,13.3,0,100,0,not_treated,0,0,0
P1-2-C-04,Control,post04-5,P1-2-C-04.post04-5,P,PHA-1-2,354.13,18,11.311277558260164,41.3208,180,2.178282511623545,0,1,33,20,2755,8.482306992644519,312.70938995736105,5.190106974386713,92.29061004263895,268.7908681000544,0.9443006613334085,374,526,2386.5,-1385,231,846,2596,-1197,379,442,2371,-1627,2.6889416749772734,-0.7873221224333457,P1-2-C-04,post04-5,PHA-1-2,12.8,94.85,20,374.4017621443577,26.25,0.025,99.975,3.044522437723423,not_treated,1,0.09514747859181732,2.941176470588235
P1-2-C-04,Control,post10-11,P1-2-C-04.post10-11,P,PHA-1-2,238.19,16,11.866707631015437,36.7296,160,2.3644406499115513,0,1,35,8.25,2755,8.482306992644519,312.70938995736105,5.190106974386713,92.29061004263895,268.7908681000544,0.9443006613334085,374,526,2386.5,-1385,231,846,2596,-1197,379,442,2371,-1627,2.6889416749772734,-0.7873221224333457,P1-2-C-04,post10-11,PHA-1-2,3.8375,66.66666666666667,0.1,0,12.825,0.025,99.975,0.09531017980432493,not_treated,1,0.1945525291828794,2.7777777777777777
P1-2-C-05,Control,01_Pre,P1-2-C-05.01_Pre,P,PHA-1-2,348.08,13,8.965360690328767,29.842799999999997,130,1.459087192343505,0,0,28,14.25,2743,5.634921499414137,289.98310652189997,9.337607357520724,115.01689347810003,273.0269820460562,0.9714106944743648,373,526,2377,-1376,230,846,2585,-1188,378,443,2361,-1618,2.6883502758518913,-0.7815071849198995,P1-2-C-05,01_Pre,PHA-1-2,3.025,117.57,40,11861.04782473325,15.325,0,100,3.713572066704308,not_treated,0,0,0
P1-2-C-05,Control,post0-1,P1-2-C-05.post0-1,P,PHA-1-2,348.08,13,8.965360690328767,29.842799999999997,130,1.2009368899825896,0,0,25,18,2743,5.634921499414137,289.98310652189997,9.337607357520724,115.01689347810003,273.0269820460562,0.9714106944743648,373,526,2377,-1376,230,846,2585,-1188,378,443,2361,-1618,2.6883502758518913,-0.7815071849198995,P1-2-C-05,post0-1,PHA-1-2,2.275,117.57,40,0,15.2,0,100,3.713572066704308,not_treated,0,0,0
P1-2-C-05,Control,post04-5,P1-2-C-05.post04-5,P,PHA-1-2,417.55,15,9.035596272521255,34.434,150,1.7063688747077426,0,0,27,18.25,2743,5.634921499414137,289.98310652189997,9.337607357520724,115.01689347810003,273.0269820460562,0.9714106944743648,373,526,2377,-1376,230,846,2585,-1188,378,443,2361,-1618,2.6883502758518913,-0.7815071849198995,P1-2-C-05,post04-5,PHA-1-2,7.525,184.38333333333333,30,4867.2229078766495,22.95,0,100,3.4339872044851463,not_treated,0,0,0
P1-2-C-05,Control,post10-11,P1-2-C-05.post10-11,P,PHA-1-2,413.91999999999996,15,9.204455442881997,34.434,150,1.7622284961384769,0.6931471805599453,2,32,13.25,2743,5.634921499414137,289.98310652189997,9.337607357520724,115.01689347810003,273.0269820460562,0.9714106944743648,373,526,2377,-1376,230,846,2585,-1188,378,443,2361,-1618,2.6883502758518913,-0.7815071849198995,P1-2-C-05,post10-11,PHA-1-2,3.225,173.93,79.32,4447.892934274969,18.9625,0.05,99.95,4.386018655943419,not_treated,1,0.26298487836949375,5.88235294117647
P1-2-T-610-03,Treatment,01_Pre,P1-2-T-610-03.01_Pre,P,PHA-1-610,309.56,15,12.36974804378273,34.434,150,1.4967614210247269,0,0,34,12.5,2696,6.831900498155981,320.71059313749964,9.172707390723357,84.28940686250036,220.31484639740867,0.941676708907041,382.5,516.5,2415,-1351.5,243,839,2625,-1166,391,436,2401,-1593,2.6921991432123167,-0.7763310828572606,P1-2-T-610-03,01_Pre,PHA-1-2,4.325,974.055,20,988.4206520611042,31.275,0,100,3.044522437723423,not_treated,0,0,0
P1-2-T-610-03,Treatment,post0-1,P1-2-T-610-03.post0-1,P,PHA-1-610,211.29,12,12.964149284340515,27.547199999999997,120,0.9726194118869386,0.6931471805599453,2,33,40.5,2696,6.831900498155981,320.71059313749964,9.172707390723357,84.28940686250036,220.31484639740867,0.941676708907041,382.5,516.5,2415,-1351.5,243,839,2625,-1166,391,436,2401,-1593,2.6921991432123167,-0.7763310828572606,P1-2-T-610-03,post0-1,PHA-1-2,3.325,114.59,10,0,25.2,0.05,99.95,2.3978952727983707,treated,1,0.19801980198019803,5.714285714285714
P1-2-T-610-03,Treatment,post04-5,P1-2-T-610-03.post04-5,P,PHA-1-610,311.56,20,13.06723000486331,45.912,200,1.5734114624204736,0.30463609734923813,2,33,33.5,2696,6.831900498155981,320.71059313749964,9.172707390723357,84.28940686250036,220.31484639740867,0.941676708907041,382.5,516.5,2415,-1351.5,243,839,2625,-1166,391,436,2401,-1593,2.6921991432123167,-0.7763310828572606,P1-2-T-610-03,post04-5,PHA-1-2,7.3,118.02,20,374.4017621443577,38.1,0.275,99.725,3.044522437723423,treated,1,0.716612377850163,5.714285714285714
P1-2-T-610-03,Treatment,post10-11,P1-2-T-610-03.post10-11,P,PHA-1-610,180.64,13,14.019574228144789,29.842799999999997,130,1.586925163436417,0.566085738959629,3,37,15,2696,6.831900498155981,320.71059313749964,9.172707390723357,84.28940686250036,220.31484639740867,0.941676708907041,382.5,516.5,2415,-1351.5,243,839,2625,-1166,391,436,2401,-1593,2.6921991432123167,-0.7763310828572606,P1-2-T-610-03,post10-11,PHA-1-2,5.325,67.90666666666667,10,988.4206520611042,30.4625,0.3,99.7,2.3978952727983707,treated,1,0.9752133279154815,7.5
P1-2-T-610-05,Treatment,01_Pre,P1-2-T-610-05.01_Pre,P,PHA-1-610,113.39,10,15.097946880288061,22.956,100,1.284956121285954,0,0,26,9.25,2709,4.482822822963297,323.7461622625521,7.061133260539253,81.2538377374479,172.03613208134047,0.9492145219946858,383.5,519,2414.5,-1359.5,244,843,2625,-1174,392,439,2401,-1600,2.6962100603048627,-0.7724308409683501,P1-2-T-610-05,01_Pre,PHA-1-2,2.25,105.76666666666667,60,7413.154890458281,15.725,0,100,4.110873864173311,not_treated,0,0,0
P1-2-T-610-05,Treatment,post0-1,P1-2-T-610-05.post0-1,P,PHA-1-610,77.8,8,16.099029473853385,18.3648,80,1.086079749402578,0,0,21,18,2709,4.482822822963297,323.7461622625521,7.061133260539253,81.2538377374479,172.03613208134047,0.9492145219946858,383.5,519,2414.5,-1359.5,244,843,2625,-1174,392,439,2401,-1600,2.6962100603048627,-0.7724308409683501,P1-2-T-610-05,post0-1,PHA-1-2,1.025,105.76666666666667,60,4447.892934274969,9.425,0,100,4.110873864173311,treated,0,0,0
P1-2-T-610-05,Treatment,post04-5,P1-2-T-610-05.post04-5,P,PHA-1-610,77.5,8,16.181007385203184,18.3648,80,1.7403615875298017,0,1,30,13.25,2709,4.482822822963297,323.7461622625521,7.061133260539253,81.2538377374479,172.03613208134047,0.9492145219946858,383.5,519,2414.5,-1359.5,244,843,2625,-1174,392,439,2401,-1600,2.6962100603048627,-0.7724308409683501,P1-2-T-610-05,post04-5,PHA-1-2,3.325,95.59333333333333,30,4492.821145732292,18.275,0.025,99.975,3.4339872044851463,treated,1,0.1366120218579235,3.225806451612903
P1-2-T-610-05,Treatment,post10-11,P1-2-T-610-05.post10-11,P,PHA-1-610,74.65,8,16.314257568151852,18.3648,80,1.8515124058429264,0,1,28,9,2709,4.482822822963297,323.7461622625521,7.061133260539253,81.2538377374479,172.03613208134047,0.9492145219946858,383.5,519,2414.5,-1359.5,244,843,2625,-1174,392,439,2401,-1600,2.6962100603048627,-0.7724308409683501,P1-2-T-610-05,post10-11,PHA-1-2,7.3,89.846,54.1,3953.6826082444168,22.1875,1,99,4.009149716158869,treated,1,4.31266846361186,3.4482758620689653
P1-2-T-615-02,Treatment,01_Pre,P1-2-T-615-02.01_Pre,P,PHA-1-615,164.62,11,14.903423950708289,43.6164,190,1.8210804146622588,0,0,26,19,2733,8.502311349804508,291.50143432404644,5.391641481666177,113.49856567595356,330.9473252992192,0.9698449771547416,380,504.5,2375.5,-1364.5,240,827,2584,-1178,388,424,2360,-1605,2.6945552395101693,-0.7862838293730386,P1-2-T-615-02,01_Pre,PHA-1-2,5.45,0,0,0,16.95,0,100,0,not_treated,0,0,0
P1-2-T-615-02,Treatment,post0-1,P1-2-T-615-02.post0-1,P,PHA-1-615,94.73,11,14.903423950708289,25.2516,110,1.6258800399123126,0,0,26,22.5,2733,8.502311349804508,291.50143432404644,5.391641481666177,113.49856567595356,330.9473252992192,0.9698449771547416,380,504.5,2375.5,-1364.5,240,827,2584,-1178,388,424,2360,-1605,2.6945552395101693,-0.7862838293730386,P1-2-T-615-02,post0-1,PHA-1-2,2.05,0,0,0,14.75,0,100,0,treated,0,0,0
P1-2-T-616-02,Treatment,01_Pre,P1-2-T-616-02.01_Pre,P,PHA-1-616,208.83,10,11.521805414083333,22.956,100,1.3272489092373165,0,0,23,12.25,2733,8.502311349804508,291.50143432404644,5.391641481666177,113.49856567595356,330.9473252992192,0.9698449771547416,380,504.5,2375.5,-1364.5,240,827,2584,-1178,388,424,2360,-1605,2.6945552395101693,-0.7862838293730386,P1-2-T-616-02,01_Pre,PHA-1-2,0.825,149.67,20,11861.04782473325,18.675,0,100,3.044522437723423,not_treated,0,0,0
P1-2-T-616-02,Treatment,post0-1,P1-2-T-616-02.post0-1,P,PHA-1-616,144.08,8,12.31086918133728,18.3648,80,1.2308848254575815,0,0,25,19.25,2733,8.502311349804508,291.50143432404644,5.391641481666177,113.49856567595356,330.9473252992192,0.9698449771547416,380,504.5,2375.5,-1364.5,240,827,2584,-1178,388,424,2360,-1605,2.6945552395101693,-0.7862838293730386,P1-2-T-616-02,post0-1,PHA-1-2,1.35,0,0,494.2103260305521,9.025,0,100,0,treated,0,0,0
P1-2-T-616-02,Treatment,post04-5,P1-2-T-616-02.post04-5,P,PHA-1-616,109.72,9,13.138662201474107,20.6604,90,2.060066556375076,1.3862943611198906,4,27,24.25,2733,8.502311349804508,291.50143432404644,5.391641481666177,113.49856567595356,330.9473252992192,0.9698449771547416,380,504.5,2375.5,-1364.5,240,827,2584,-1178,388,424,2360,-1605,2.6945552395101693,-0.7862838293730386,P1-2-T-616-02,post04-5,PHA-1-2,20.075,0,0,4118.419383587934,43.6125,0.1,99.9,0,treated,1,0.22876751501286818,12.903225806451612
P1-2-T-616-02,Treatment,post10-11,P1-2-T-616-02.post10-11,P,PHA-1-616,48.01,5,14.782895521514046,11.478,50,2.2947942660079885,0.6931471805599453,2,34,8.25,2733,8.502311349804508,291.50143432404644,5.391641481666177,113.49856567595356,330.9473252992192,0.9698449771547416,380,504.5,2375.5,-1364.5,240,827,2584,-1178,388,424,2360,-1605,2.6945552395101693,-0.7862838293730386,P1-2-T-616-02,post10-11,PHA-1-2,8.0875,66.66666666666667,0.53,5436.313586336073,30.4375,0.05,99.95,0.4252677354043441,treated,1,0.16400164001640016,5.555555555555555
P2-3-C-01,Control,01_Pre,P2-3-C-01.01_Pre,P,PHA-1-3,97.3,7,14.788026044260075,16.0692,70,2.3944220624030805,0,0,36,8,2588,9.03718976525234,57.99461679191617,5.0582433671034845,12.994616791916172,39.06431179884966,0.8654122308208667,384,540.5,2482,-1348.5,240,866,2694,-1168,389,461,2469,-1590,2.6928866139949155,-0.739251470557505,P2-3-C-01,01_Pre,PHA-1-3,1.775,0,0,21745.254345344292,6.45,0,100,0,not_treated,0,0,0
P2-3-C-01,Control,post0-1,P2-3-C-01.post0-1,P,PHA-1-3,97.3,7,14.788026044260075,16.0692,70,2.121856964020225,0,0,37,5,2588,9.03718976525234,57.99461679191617,5.0582433671034845,12.994616791916172,39.06431179884966,0.8654122308208667,384,540.5,2482,-1348.5,240,866,2694,-1168,389,461,2469,-1590,2.6928866139949155,-0.739251470557505,P2-3-C-01,post0-1,PHA-1-3,0.3,0,0,24216.305975497053,5.275,0,100,0,not_treated,0,0,0
P2-3-C-01,Control,post04-5,P2-3-C-01.post04-5,P,PHA-1-3,107.69,9,15.471515044680588,20.6604,90,2.2491329403214975,0,0,41,15.75,2588,9.03718976525234,57.99461679191617,5.0582433671034845,12.994616791916172,39.06431179884966,0.8654122308208667,384,540.5,2482,-1348.5,240,866,2694,-1168,389,461,2469,-1590,2.6928866139949155,-0.739251470557505,P2-3-C-01,post04-5,PHA-1-3,0.825,0,0,8236.838767175868,13.025,0,100,0,not_treated,0,0,0
P2-3-C-01,Control,post10-11,P2-3-C-01.post10-11,P,PHA-1-3,51.44,6,16.11479651334967,13.773599999999998,60,2.5923350015112776,0,0,44,10,2588,9.03718976525234,57.99461679191617,5.0582433671034845,12.994616791916172,39.06431179884966,0.8654122308208667,384,540.5,2482,-1348.5,240,866,2694,-1168,389,461,2469,-1590,2.6928866139949155,-0.739251470557505,P2-3-C-01,post10-11,PHA-1-3,1.1125,0,0,5436.313586336073,7.825,0,100,0,not_treated,0,0,0
P2-3-C-02,Control,01_Pre,P2-3-C-02.01_Pre,P,PHA-1-3,169.07,13,12.82641505163945,29.842799999999997,130,1.6599325920843888,0,0,36,11.75,2579,14.468692946888357,51.63251461513871,6.061681260419377,6.632514615138717,25.228583425224528,0.7960026049542137,384,548,2471.5,-1340,240,873,2683,-1159,388,468,2459,-1581,2.686308989564492,-0.7406811640693357,P2-3-C-02,01_Pre,PHA-1-3,2.6,0,0,3953.6826082444168,26.525,0,100,0,not_treated,0,0,0
P2-3-C-02,Control,post0-1,P2-3-C-02.post0-1,P,PHA-1-3,169.07,13,12.82641505163945,29.842799999999997,130,1.5337055020086654,0,0,34,7.75,2579,14.468692946888357,51.63251461513871,6.061681260419377,6.632514615138717,25.228583425224528,0.7960026049542137,384,548,2471.5,-1340,240,873,2683,-1159,388,468,2459,-1581,2.686308989564492,-0.7406811640693357,P2-3-C-02,post0-1,PHA-1-3,1.1,0,0,4942.103260305521,27.675,0,100,0,not_treated,0,0,0
P2-3-C-02,Control,post04-5,P2-3-C-02.post04-5,P,PHA-1-3,161.67,13,13.089984427328105,29.842799999999997,130,1.8525557318726102,0,0,41,12,2579,14.468692946888357,51.63251461513871,6.061681260419377,6.632514615138717,25.228583425224528,0.7960026049542137,384,548,2471.5,-1340,240,873,2683,-1159,388,468,2459,-1581,2.686308989564492,-0.7406811640693357,P2-3-C-02,post04-5,PHA-1-3,6.825,0,0,1123.205286433073,39.75,0,100,0,not_treated,0,0,0
P2-3-C-02,Control,post10-11,P2-3-C-02.post10-11,P,PHA-1-3,153.48,13,13.31517353074477,29.842799999999997,130,1.992868527981375,0,1,39,13,2579,14.468692946888357,51.63251461513871,6.061681260419377,6.632514615138717,25.228583425224528,0.7960026049542137,384,548,2471.5,-1340,240,873,2683,-1159,388,468,2459,-1581,2.686308989564492,-0.7406811640693357,P2-3-C-02,post10-11,PHA-1-3,2.625,166.66666666666666,9.65,1976.8413041222084,24.9125,0.025,99.975,2.365559892155434,not_treated,1,0.10025062656641603,2.5
P2-3-C-03,Control,01_Pre,P2-3-C-03.01_Pre,P,PHA-1-3,136.91,11,14.137377923273274,25.2516,110,1.8980161829296347,0,1,29,12,2587,2.158938918144449,26.565051177080395,5.074668805285171,18.43494882291961,27.087075228968473,0.9440579802211725,384.5,543.5,2501,-1364.5,239,869,2713,-1184,387,464,2489,-1605,2.6910326599209258,-0.738382781450928,P2-3-C-03,01_Pre,PHA-1-3,4.05,86.65,20,41513.667386566376,19.775,0.025,99.975,3.044522437723423,not_treated,1,0.1262626262626263,3.3333333333333335
P2-3-C-03,Control,post0-1,P2-3-C-03.post0-1,P,PHA-1-3,136.91,11,14.137377923273274,25.2516,110,1.694598904324021,0,0,25,7.25,2587,2.158938918144449,26.565051177080395,5.074668805285171,18.43494882291961,27.087075228968473,0.9440579802211725,384.5,543.5,2501,-1364.5,239,869,2713,-1184,387,464,2489,-1605,2.6910326599209258,-0.738382781450928,P2-3-C-03,post0-1,PHA-1-3,1.55,86.65,20,41019.457060535824,15.175,0,100,3.044522437723423,not_treated,0,0,0
P2-3-C-03,Control,post04-5,P2-3-C-03.post04-5,P,PHA-1-3,181.58,12,13.903476783404454,27.547199999999997,120,1.7742699472602932,0,0,25,7.75,2587,2.158938918144449,26.565051177080395,5.074668805285171,18.43494882291961,27.087075228968473,0.9440579802211725,384.5,543.5,2501,-1364.5,239,869,2713,-1184,387,464,2489,-1605,2.6910326599209258,-0.738382781450928,P2-3-C-03,post04-5,PHA-1-3,8.05,0,0,6739.231718598438,31.625,0,100,0,not_treated,0,0,0
P2-3-C-03,Control,post10-11,P2-3-C-03.post10-11,P,PHA-1-3,209.07,12,13.246005687250276,27.547199999999997,120,2.0754089387258956,0,1,27,9.75,2587,2.158938918144449,26.565051177080395,5.074668805285171,18.43494882291961,27.087075228968473,0.9440579802211725,384.5,543.5,2501,-1364.5,239,869,2713,-1184,387,464,2489,-1605,2.6910326599209258,-0.738382781450928,P2-3-C-03,post10-11,PHA-1-3,3.55,66.66666666666667,7.95,4942.103260305521,13.1125,0.025,99.975,2.191653532286764,not_treated,1,0.19029495718363462,3.571428571428571
P2-3-C-04,Control,01_Pre,P2-3-C-04.01_Pre,P,PHA-1-3,115.91,8,16.683225107874076,18.3648,80,2.167242098979618,0,0,45,16.75,2600,15.943370529649062,68.35556485928612,5.122294670085744,23.35556485928612,93.25678623233243,0.786662195945375,385,547,2492,-1356.5,241,872,2704,-1176,390,467,2479,-1598,2.6911877110388134,-0.7387850875682971,P2-3-C-04,01_Pre,PHA-1-3,3.2375,251.51,20,988.4206520611042,40.6125,0,100,3.044522437723423,not_treated,0,0,0
P2-3-C-04,Control,post0-1,P2-3-C-04.post0-1,P,PHA-1-3,115.91,8,16.683225107874076,18.3648,80,1.9692960586333572,0,0,46,15.75,2600,15.943370529649062,68.35556485928612,5.122294670085744,23.35556485928612,93.25678623233243,0.786662195945375,385,547,2492,-1356.5,241,872,2704,-1176,390,467,2479,-1598,2.6911877110388134,-0.7387850875682971,P2-3-C-04,post0-1,PHA-1-3,4.4,251.51,20,1976.8413041222084,35.375,0,100,3.044522437723423,not_treated,0,0,0
P2-3-C-04,Control,post04-5,P2-3-C-04.post04-5,P,PHA-1-3,129.12,10,17.285629869923746,22.956,100,2.157826967433232,0,0,41,22.75,2600,15.943370529649062,68.35556485928612,5.122294670085744,23.35556485928612,93.25678623233243,0.786662195945375,385,547,2492,-1356.5,241,872,2704,-1176,390,467,2479,-1598,2.6911877110388134,-0.7387850875682971,P2-3-C-04,post04-5,PHA-1-3,17.35,218.02,10,4492.821145732292,70.3,0,100,2.3978952727983707,not_treated,0,0,0
P2-3-C-04,Control,post10-11,P2-3-C-04.post10-11,P,PHA-1-3,41.38,7,18.803153231002813,16.0692,70,1.7261463454313186,0.7549967581308246,4,46,9,2600,15.943370529649062,68.35556485928612,5.122294670085744,23.35556485928612,93.25678623233243,0.786662195945375,385,547,2492,-1356.5,241,872,2704,-1176,390,467,2479,-1598,2.6911877110388134,-0.7387850875682971,P2-3-C-04,post10-11,PHA-1-3,2.1875,0,0,988.4206520611042,32.8125,0.35000000000000003,99.65,0,not_treated,1,1.0554089709762535,8
P2-3-C-05,Control,01_Pre,P2-3-C-05.01_Pre,P,PHA-1-3,228.69,13,12.040987692684709,29.842799999999997,130,2.187094706438959,0,0,33,6.5,2595,9.847096908024547,240.9453959009229,5.216248723170626,164.0546040990771,514.8047306765052,1.015293450142551,384,548.5,2471.5,-1339,240,874,2683,-1158,388,469,2459,-1581,2.6901634706062207,-0.7367065407028155,P2-3-C-05,01_Pre,PHA-1-3,3.05,0,0,5436.313586336073,7.375,0,100,0,not_treated,0,0,0
P2-3-C-05,Control,post0-1,P2-3-C-05.post0-1,P,PHA-1-3,228.69,13,12.040987692684709,29.842799999999997,130,2.4033101782430704,0,0,33,2.5,2595,9.847096908024547,240.9453959009229,5.216248723170626,164.0546040990771,514.8047306765052,1.015293450142551,384,548.5,2471.5,-1339,240,874,2683,-1158,388,469,2459,-1581,2.6901634706062207,-0.7367065407028155,P2-3-C-05,post0-1,PHA-1-3,1.275,0,0,5436.313586336073,3.2,0,100,0,not_treated,0,0,0
P2-3-C-05,Control,post04-5,P2-3-C-05.post04-5,P,PHA-1-3,301.13,16,11.568680780452022,36.7296,160,2.175148979775222,0,0,30,8.75,2595,9.847096908024547,240.9453959009229,5.216248723170626,164.0546040990771,514.8047306765052,1.015293450142551,384,548.5,2471.5,-1339,240,874,2683,-1158,388,469,2459,-1581,2.6901634706062207,-0.7367065407028155,P2-3-C-05,post04-5,PHA-1-3,2.775,0,0,748.8035242887154,9.025,0,100,0,not_treated,0,0,0
P2-3-C-05,Control,post10-11,P2-3-C-05.post10-11,P,PHA-1-3,194.35999999999999,13,12.420919079087133,29.842799999999997,130,2.6677154763653927,0,0,36,3.75,2595,9.847096908024547,240.9453959009229,5.216248723170626,164.0546040990771,514.8047306765052,1.015293450142551,384,548.5,2471.5,-1339,240,874,2683,-1158,388,469,2459,-1581,2.6901634706062207,-0.7367065407028155,P2-3-C-05,post10-11,PHA-1-3,1.7125000000000001,100,24.82,494.2103260305521,3.2375000000000003,0,100,3.2511493854184965,not_treated,0,0,0
P2-3-C-06,Control,01_Pre,P2-3-C-06.01_Pre,P,PHA-1-3,129.84,9,12.22506532588772,20.6604,90,2.5080587855828567,0,1,37,62.5,2542,23.108782087898344,302.9052429229871,5.683787180245681,102.0947570770129,490.7857774481586,0.9071297548197951,386.5,544.5,2521.5,-1344,243,871,2734,-1164,391,465,2510,-1585,2.695942152672275,-0.7341816768010675,P2-3-C-06,01_Pre,PHA-1-3,10.825,218.02,20,40031.03640847472,49.4,0.025,99.975,3.044522437723423,not_treated,1,0.05058168942842691,2.631578947368421
P2-3-C-06,Control,post0-1,P2-3-C-06.post0-1,P,PHA-1-3,119.32,8,12.097675396537964,18.3648,80,2.3713958893835976,0,0,34,25,2542,23.108782087898344,302.9052429229871,5.683787180245681,102.0947570770129,490.7857774481586,0.9071297548197951,386.5,544.5,2521.5,-1344,243,871,2734,-1164,391,465,2510,-1585,2.695942152672275,-0.7341816768010675,P2-3-C-06,post0-1,PHA-1-3,5.375,218.02,20,74625.75923061336,29.275,0,100,3.044522437723423,not_treated,0,0,0
P2-3-C-06,Control,post04-5,P2-3-C-06.post04-5,P,PHA-1-3,135.04,10,12.790504290292859,22.956,100,2.495483496576342,0,0,40,27.5,2542,23.108782087898344,302.9052429229871,5.683787180245681,102.0947570770129,490.7857774481586,0.9071297548197951,386.5,544.5,2521.5,-1344,243,871,2734,-1164,391,465,2510,-1585,2.695942152672275,-0.7341816768010675,P2-3-C-06,post04-5,PHA-1-3,10.525,190.79,10,8236.838767175868,53.975,0,100,2.3978952727983707,not_treated,0,0,0
P2-3-C-06,Control,post10-11,P2-3-C-06.post10-11,P,PHA-1-3,150.43,9,12.6396642008841,20.6604,90,2.3413453768923063,0.6931471805599453,2,48,28.25,2542,23.108782087898344,302.9052429229871,5.683787180245681,102.0947570770129,490.7857774481586,0.9071297548197951,386.5,544.5,2521.5,-1344,243,871,2734,-1164,391,465,2510,-1585,2.695942152672275,-0.7341816768010675,P2-3-C-06,post10-11,PHA-1-3,10.775,160.744,16.67,9884.206520611042,50.2,0.05,99.95,2.871868286331605,not_treated,1,0.09950248756218907,4
P2-3-C-07,Control,01_Pre,P2-3-C-07.01_Pre,P,PHA-1-3,170.93,10,11.600689634672587,22.956,100,1.8024554410997908,0,0,29,15.5,2586,6.272140242335848,265.60129464500443,5.3692016560163776,139.39870535499557,349.11348192198955,0.9890609553413787,388,542,2491,-1334.5,245,868,2703,-1155,394,462,2479,-1576,2.6948987911240123,-0.7389193149425711,P2-3-C-07,01_Pre,PHA-1-3,5.8,0,0,27181.567931680365,19.425,0,100,0,not_treated,0,0,0
P2-3-C-07,Control,post0-1,P2-3-C-07.post0-1,P,PHA-1-3,170.93,10,11.600689634672587,22.956,100,1.6458059183896343,0,0,27,8,2586,6.272140242335848,265.60129464500443,5.3692016560163776,139.39870535499557,349.11348192198955,0.9890609553413787,388,542,2491,-1334.5,245,868,2703,-1155,394,462,2479,-1576,2.6948987911240123,-0.7389193149425711,P2-3-C-07,post0-1,PHA-1-3,3.35,0,0,29652.619561833126,10.025,0,100,0,not_treated,0,0,0
P2-3-C-07,Control,post04-5,P2-3-C-07.post04-5,P,PHA-1-3,164.34,10,11.802499735225584,22.956,100,1.585771036492543,0,0,34,9,2586,6.272140242335848,265.60129464500443,5.3692016560163776,139.39870535499557,349.11348192198955,0.9890609553413787,388,542,2491,-1334.5,245,868,2703,-1155,394,462,2479,-1576,2.6948987911240123,-0.7389193149425711,P2-3-C-07,post04-5,PHA-1-3,8.275,0,0,5241.624670021007,25.05,0,100,0,not_treated,0,0,0
P2-3-C-07,Control,post10-11,P2-3-C-07.post10-11,P,PHA-1-3,107.61,8,12.650592871482347,18.3648,80,1.4211489278065077,0,0,33,25.75,2586,6.272140242335848,265.60129464500443,5.3692016560163776,139.39870535499557,349.11348192198955,0.9890609553413787,388,542,2491,-1334.5,245,868,2703,-1155,394,462,2479,-1576,2.6948987911240123,-0.7389193149425711,P2-3-C-07,post10-11,PHA-1-3,2.5749999999999997,66.66666666666667,10.48,3953.6826082444168,13.3875,0,100,2.4406063908914204,not_treated,0,0,0
P2-3-C-08,Control,01_Pre,P2-3-C-08.01_Pre,P,PHA-1-3,198.69,11,11.838918869558993,25.2516,110,1.423755947223001,0,0,34,17.25,2563,7.516446291974381,63.43494882292269,4.937079588025162,18.434948822922706,50.54151030912625,0.8849360747153843,386,533,2490.5,-1315,242,860,2703,-1135,390,454,2479,-1556,2.700140939145291,-0.7410766645786432,P2-3-C-08,01_Pre,PHA-1-3,4.85,0,0,11366.837498702698,19.5,0,100,0,not_treated,0,0,0
P2-3-C-08,Control,post0-1,P2-3-C-08.post0-1,P,PHA-1-3,198.69,11,11.838918869558993,25.2516,110,1.5359972549960543,0,0,29,2,2563,7.516446291974381,63.43494882292269,4.937079588025162,18.434948822922706,50.54151030912625,0.8849360747153843,386,533,2490.5,-1315,242,860,2703,-1135,390,454,2479,-1556,2.700140939145291,-0.7410766645786432,P2-3-C-08,post0-1,PHA-1-3,4.075,0,0,16803.15108503877,15.35,0,100,0,not_treated,0,0,0
P2-3-C-08,Control,post04-5,P2-3-C-08.post04-5,P,PHA-1-3,246.46,15,12.206145992900462,34.434,150,1.5685613444031616,0,0,29,8,2563,7.516446291974381,63.43494882292269,4.937079588025162,18.434948822922706,50.54151030912625,0.8849360747153843,386,533,2490.5,-1315,242,860,2703,-1135,390,454,2479,-1556,2.700140939145291,-0.7410766645786432,P2-3-C-08,post04-5,PHA-1-3,6.3,0,0,374.4017621443577,29.075,0,100,0,not_treated,0,0,0
P2-3-C-08,Control,post10-11,P2-3-C-08.post10-11,P,PHA-1-3,161.1,10,12.451987793119619,22.956,100,1.7072786245186253,0,0,34,7.25,2563,7.516446291974381,63.43494882292269,4.937079588025162,18.434948822922706,50.54151030912625,0.8849360747153843,386,533,2490.5,-1315,242,860,2703,-1135,390,454,2479,-1556,2.700140939145291,-0.7410766645786432,P2-3-C-08,post10-11,PHA-1-3,3.6,0,0,988.4206520611042,17.425,0,100,0,not_treated,0,0,0
P2-3-T-589-02,Treatment,01_Pre,P2-3-T-589-02.01_Pre,P,PHA-1-589,192.35,11,11.803581890873017,25.2516,110,2.0198590987084737,0,0,34,11.25,2657,9.481154262857135,280.1755108430433,8.094416984801141,124.8244891569567,384.35311377784546,0.9828371248257314,383.5,519.5,2421.5,-1316.5,241,845,2633,-1134,389,440,2408,-1558,2.6956303011697833,-0.7632257722500992,P2-3-T-589-02,01_Pre,PHA-1-3,3.55,99.16,20,1976.8413041222084,21.05,0,100,3.044522437723423,not_treated,0,0,0
P2-3-T-589-02,Treatment,post0-1,P2-3-T-589-02.post0-1,P,PHA-1-589,131,8,12.427791436936813,18.3648,80,2.2166155124428144,0,0,35,16,2657,9.481154262857135,280.1755108430433,8.094416984801141,124.8244891569567,384.35311377784546,0.9828371248257314,383.5,519.5,2421.5,-1316.5,241,845,2633,-1134,389,440,2408,-1558,2.6956303011697833,-0.7632257722500992,P2-3-T-589-02,post0-1,PHA-1-3,2,99.16,20,NA,14.075,0,100,3.044522437723423,treated,0,0,0
P2-3-T-589-02,Treatment,post04-5,P2-3-T-589-02.post04-5,P,PHA-1-589,143.17000000000002,9,12.548173837920269,20.6604,90,2.2025492560941475,0,0,36,13.5,2657,9.481154262857135,280.1755108430433,8.094416984801141,124.8244891569567,384.35311377784546,0.9828371248257314,383.5,519.5,2421.5,-1316.5,241,845,2633,-1134,389,440,2408,-1558,2.6956303011697833,-0.7632257722500992,P2-3-T-589-02,post04-5,PHA-1-3,10.275,109.07,10,1497.6070485774308,43.25,0,100,2.3978952727983707,treated,0,0,0
P2-3-T-589-02,Treatment,post10-11,P2-3-T-589-02.post10-11,P,PHA-1-589,136.27,9,12.768233150196536,20.6604,90,2.033695110186281,0,1,36,11.75,2657,9.481154262857135,280.1755108430433,8.094416984801141,124.8244891569567,384.35311377784546,0.9828371248257314,383.5,519.5,2421.5,-1316.5,241,845,2633,-1134,389,440,2408,-1558,2.6956303011697833,-0.7632257722500992,P2-3-T-589-02,post10-11,PHA-1-3,6.775,24.79,10,494.2103260305521,26.175,0.025,99.975,2.3978952727983707,treated,1,0.09541984732824428,2.7027027027027026
P2-3-T-589-04,Treatment,01_Pre,P2-3-T-589-04.01_Pre,P,PHA-1-589,271.08,11,10.166075492002355,25.2516,110,1.950969600295214,0,0,29,6.25,2656,11.614500476164547,298.14160123226196,5.728407044190361,106.85839876773804,364.1739948580622,0.9568271157223269,383.5,532.5,2452.5,-1325.5,242,858,2664,-1143,390,452,2439,-1567,2.6967524865149355,-0.7560431915836571,P2-3-T-589-04,01_Pre,PHA-1-3,0.8,0,0,0,11.475,0,100,0,not_treated,0,0,0
P2-3-T-589-04,Treatment,post0-1,P2-3-T-589-04.post0-1,P,PHA-1-589,216.83,9,10.141170215183912,20.6604,90,1.904846240479652,0,0,30,21.333333333333332,2656,11.614500476164547,298.14160123226196,5.728407044190361,106.85839876773804,364.1739948580622,0.9568271157223269,383.5,532.5,2452.5,-1325.5,242,858,2664,-1143,390,452,2439,-1567,2.6967524865149355,-0.7560431915836571,P2-3-T-589-04,post0-1,PHA-1-3,1.4,0,0,0,9.1,0,100,0,treated,0,0,0
P2-3-T-589-04,Treatment,post04-5,P2-3-T-589-04.post04-5,P,PHA-1-589,273.71,12,10.420692555359905,27.547199999999997,120,2.35880883741519,1.0986122886681096,3,35,12,2656,11.614500476164547,298.14160123226196,5.728407044190361,106.85839876773804,364.1739948580622,0.9568271157223269,383.5,532.5,2452.5,-1325.5,242,858,2664,-1143,390,452,2439,-1567,2.6967524865149355,-0.7560431915836571,P2-3-T-589-04,post04-5,PHA-1-3,8.075,0,0,2995.2140971548615,19.6875,0.07500000000000001,99.925,0,treated,1,0.379506641366224,7.894736842105263
P2-3-T-589-04,Treatment,post10-11,P2-3-T-589-04.post10-11,P,PHA-1-589,117.2,6,11.625976661482394,13.773599999999998,60,1.9413476392548852,0.6931471805599453,2,32,5.5,2656,11.614500476164547,298.14160123226196,5.728407044190361,106.85839876773804,364.1739948580622,0.9568271157223269,383.5,532.5,2452.5,-1325.5,242,858,2664,-1143,390,452,2439,-1567,2.6967524865149355,-0.7560431915836571,P2-3-T-589-04,post10-11,PHA-1-3,1.825,0,0,0,8.9,0.05,99.95,0,treated,1,0.5586592178770949,5.88235294117647
P2-3-T-596-04,Treatment,01_Pre,P2-3-T-596-04.01_Pre,P,PHA-1-596,129.37,6,11.480563284670893,13.773599999999998,60,1.954235098357238,0,0,37,12,2685,3.145493660239334,265.60129464500505,6.510945970383141,139.39870535499495,247.2311263416769,0.9788276730678569,383,529.5,2411,-1326.5,241,855,2623,-1143,389,450,2398,-1568,2.6956153319215734,-0.7584794036666054,P2-3-T-596-04,01_Pre,PHA-1-3,4.75,162.36,40,3459.4722822138647,20.975,0,100,3.713572066704308,not_treated,0,0,0
P2-3-T-596-04,Treatment,post0-1,P2-3-T-596-04.post0-1,P,PHA-1-596,57.3,5,12.717625564546237,11.478,50,1.736697102717141,0,0,33,16.5,2685,3.145493660239334,265.60129464500505,6.510945970383141,139.39870535499495,247.2311263416769,0.9788276730678569,383,529.5,2411,-1326.5,241,855,2623,-1143,389,450,2398,-1568,2.6956153319215734,-0.7584794036666054,P2-3-T-596-04,post0-1,PHA-1-3,1.75,162.36,40,10378.416846641594,12.1,0,100,3.713572066704308,treated,0,0,0
P2-3-T-596-04,Treatment,post04-5,P2-3-T-596-04.post04-5,P,PHA-1-596,79.23,8,14.086873322352266,18.3648,80,1.7469579827434774,0,0,36,15,2685,3.145493660239334,265.60129464500505,6.510945970383141,139.39870535499495,247.2311263416769,0.9788276730678569,383,529.5,2411,-1326.5,241,855,2623,-1143,389,450,2398,-1568,2.6956153319215734,-0.7584794036666054,P2-3-T-596-04,post04-5,PHA-1-3,14,57.295,10,7113.633480742796,42.8125,0,100,2.3978952727983707,treated,0,0,0
P2-3-T-596-04,Treatment,post10-11,P2-3-T-596-04.post10-11,P,PHA-1-596,32.6,3,13.092491486853575,6.886799999999999,30,1.5118521981819755,0,1,38,9.25,2685,3.145493660239334,265.60129464500505,6.510945970383141,139.39870535499495,247.2311263416769,0.9788276730678569,383,529.5,2411,-1326.5,241,855,2623,-1143,389,450,2398,-1568,2.6956153319215734,-0.7584794036666054,P2-3-T-596-04,post10-11,PHA-1-3,5.275,124.78999999999999,10.18,10378.416846641594,33.3625,0.025,99.975,2.414126467726953,treated,1,0.07487832272557096,2.564102564102564
P2-3-T-601-02,Treatment,01_Pre,P2-3-T-601-02.01_Pre,P,PHA-1-601,112.75,8,13.831847309741384,18.3648,80,1.5217711739025905,0,0,35,14.5,2680,4.8780002326911855,20.224859431165843,10.47234060175429,24.77514056883416,54.718859343465915,0.9164952457885367,381.5,511,2391.5,-1357.5,240,835,2602,-1173,388,432,2378,-1598,2.692084608468959,-0.7667148512961546,P2-3-T-601-02,01_Pre,PHA-1-3,4.325,0,0,6918.944564427729,33.1,0,100,0,not_treated,0,0,0
P2-3-T-601-02,Treatment,post0-1,P2-3-T-601-02.post0-1,P,PHA-1-601,41.55,5,16.02585411140386,11.478,50,2.0022538555906726,0,0,33,22.75,2680,4.8780002326911855,20.224859431165843,10.47234060175429,24.77514056883416,54.718859343465915,0.9164952457885367,381.5,511,2391.5,-1357.5,240,835,2602,-1173,388,432,2378,-1598,2.692084608468959,-0.7667148512961546,P2-3-T-601-02,post0-1,PHA-1-3,2.05,0,0,7413.154890458281,8.925,0,100,0,treated,0,0,0
P2-3-T-601-02,Treatment,post04-5,P2-3-T-601-02.post04-5,P,PHA-1-601,116.78,10,14.015527103894453,22.956,100,2.3728251547133783,0,1,34,23,2680,4.8780002326911855,20.224859431165843,10.47234060175429,24.77514056883416,54.718859343465915,0.9164952457885367,381.5,511,2391.5,-1357.5,240,835,2602,-1173,388,432,2378,-1598,2.692084608468959,-0.7667148512961546,P2-3-T-601-02,post04-5,PHA-1-3,10.025,0,0,5616.026432165364,31.925,0.025,99.975,0,treated,1,0.0782472613458529,2.857142857142857
P2-3-T-601-02,Treatment,post10-11,P2-3-T-601-02.post10-11,P,PHA-1-601,60.06,6,15.545310118060259,13.773599999999998,60,2.326286871080139,0,1,36,13,2680,4.8780002326911855,20.224859431165843,10.47234060175429,24.77514056883416,54.718859343465915,0.9164952457885367,381.5,511,2391.5,-1357.5,240,835,2602,-1173,388,432,2378,-1598,2.692084608468959,-0.7667148512961546,P2-3-T-601-02,post10-11,PHA-1-3,9.700000000000001,100,0.14,2965.2619561833126,27.7375,0.025,99.975,0.1310282624064042,treated,1,0.090049527239982,2.7027027027027026
P2-3-T-601-04,Treatment,01_Pre,P2-3-T-601-04.01_Pre,P,PHA-1-601,172.44,9,13.266750418496109,20.6604,90,1.771143420326894,0,0,34,19.25,2667,9.037189765252371,327.99461679191705,7.280299884907967,77.00538320808295,231.4929595847573,0.9222704220095175,382.5,520.5,2411.5,-1338,241,845,2623,-1154,389,441,2399,-1579,2.692649634834233,-0.7644386675164987,P2-3-T-601-04,01_Pre,PHA-1-3,3.525,0,0,1976.8413041222084,27.675,0,100,0,not_treated,0,0,0
P2-3-T-601-04,Treatment,post0-1,P2-3-T-601-04.post0-1,P,PHA-1-601,136.85,7,13.68356678647786,16.0692,70,1.8447832887869684,0,0,27,17.25,2667,9.037189765252371,327.99461679191705,7.280299884907967,77.00538320808295,231.4929595847573,0.9222704220095175,382.5,520.5,2411.5,-1338,241,845,2623,-1154,389,441,2399,-1579,2.692649634834233,-0.7644386675164987,P2-3-T-601-04,post0-1,PHA-1-3,1.775,0,0,15814.730432977667,9.975,0,100,0,treated,0,0,0
P2-3-T-601-04,Treatment,post04-5,P2-3-T-601-04.post04-5,P,PHA-1-601,146.47,8,13.78418477821594,18.3648,80,1.716254896736177,0,1,31,26,2667,9.037189765252371,327.99461679191705,7.280299884907967,77.00538320808295,231.4929595847573,0.9222704220095175,382.5,520.5,2411.5,-1338,241,845,2623,-1154,389,441,2399,-1579,2.692649634834233,-0.7644386675164987,P2-3-T-601-04,post04-5,PHA-1-3,12,133.93,10,9360.04405360894,43.525,0.025,99.975,2.3978952727983707,treated,1,0.05740528128587831,3.125
P2-3-T-601-04,Treatment,post10-11,P2-3-T-601-04.post10-11,P,PHA-1-601,82.75999999999999,7,15.004427917880014,16.0692,70,1.8512777245451717,0.6931471805599453,2,29,6,2667,9.037189765252371,327.99461679191705,7.280299884907967,77.00538320808295,231.4929595847573,0.9222704220095175,382.5,520.5,2411.5,-1338,241,845,2623,-1154,389,441,2399,-1579,2.692649634834233,-0.7644386675164987,P2-3-T-601-04,post10-11,PHA-1-3,1.7,194.70749999999998,11.19,8401.575542519386,18.275,0.05,99.95,2.5006159434931803,treated,1,0.27285129604365627,6.451612903225806
P2-3-T-602-01,Treatment,01_Pre,P2-3-T-602-01.01_Pre,P,PHA-1-602,260.89,11,11.861971321680207,25.2516,110,1.6676530203668343,0,0,28,12.5,2719,5.4584065508791815,318.57633437499976,5.6137317198525105,86.42366562500024,201.91362346313736,0.9490602150438111,381.5,519,2393,-1347.5,239,843,2603,-1163,387,440,2379,-1589,2.6923749225666365,-0.7649604798582845,P2-3-T-602-01,01_Pre,PHA-1-3,2.525,196.26,40,1976.8413041222084,12.75,0,100,3.713572066704308,not_treated,0,0,0
P2-3-T-602-01,Treatment,post0-1,P2-3-T-602-01.post0-1,P,PHA-1-602,72.29,6,14.330096533752544,13.773599999999998,60,1.568150268450241,0,0,27,13.5,2719,5.4584065508791815,318.57633437499976,5.6137317198525105,86.42366562500024,201.91362346313736,0.9490602150438111,381.5,519,2393,-1347.5,239,843,2603,-1163,387,440,2379,-1589,2.6923749225666365,-0.7649604798582845,P2-3-T-602-01,post0-1,PHA-1-3,1.275,0,0,494.2103260305521,5.8,0,100,0,treated,0,0,0
P2-3-T-602-01,Treatment,post04-5,P2-3-T-602-01.post04-5,P,PHA-1-602,90.31,7,14.105621979500636,16.0692,70,1.2342057036296468,0,0,30,15.25,2719,5.4584065508791815,318.57633437499976,5.6137317198525105,86.42366562500024,201.91362346313736,0.9490602150438111,381.5,519,2393,-1347.5,239,843,2603,-1163,387,440,2379,-1589,2.6923749225666365,-0.7649604798582845,P2-3-T-602-01,post04-5,PHA-1-3,5.025,0,0,2246.410572866146,31.05,0,100,0,treated,0,0,0
P2-3-T-602-01,Treatment,post10-11,P2-3-T-602-01.post10-11,P,PHA-1-602,84.54,7,14.381436447229959,16.0692,70,1.4023872259171721,0,1,33,15.25,2719,5.4584065508791815,318.57633437499976,5.6137317198525105,86.42366562500024,201.91362346313736,0.9490602150438111,381.5,519,2393,-1347.5,239,843,2603,-1163,387,440,2379,-1589,2.6923749225666365,-0.7649604798582845,P2-3-T-602-01,post10-11,PHA-1-3,2.525,100,27.919999999999998,2471.0516301527605,17.1875,0.025,99.975,3.3645333972905638,treated,1,0.14524328249818447,2.941176470588235
P2-3-T-602-06,Treatment,01_Pre,P2-3-T-602-06.01_Pre,P,PHA-1-602,114.02,8,12.44743949573566,18.3648,80,1.7716318511546447,0,0,31,9.5,2706,9.148802705276143,132.8789036033394,5.259037438096087,87.87890360333941,265.807212452007,0.9360447039184103,381.5,511,2391.5,-1357.5,240,835,2602,-1173,388,432,2378,-1598,2.692084608468959,-0.7667148512961546,P2-3-T-602-06,01_Pre,PHA-1-3,2.05,0,0,18285.782063130428,8.125,0,100,0,not_treated,0,0,0
P2-3-T-602-06,Treatment,post0-1,P2-3-T-602-06.post0-1,P,PHA-1-602,114.02,8,12.44743949573566,18.3648,80,1.853615609182955,0,0,30,6.5,2706,9.148802705276143,132.8789036033394,5.259037438096087,87.87890360333941,265.807212452007,0.9360447039184103,381.5,511,2391.5,-1357.5,240,835,2602,-1173,388,432,2378,-1598,2.692084608468959,-0.7667148512961546,P2-3-T-602-06,post0-1,PHA-1-3,1.3,0,0,16803.15108503877,5.375,0,100,0,treated,0,0,0
P2-3-T-602-06,Treatment,post04-5,P2-3-T-602-06.post04-5,P,PHA-1-602,136.43,10,12.809098328922298,22.956,100,1.9594789867598816,0,0,31,8.25,2706,9.148802705276143,132.8789036033394,5.259037438096087,87.87890360333941,265.807212452007,0.9360447039184103,381.5,511,2391.5,-1357.5,240,835,2602,-1173,388,432,2378,-1598,2.692084608468959,-0.7667148512961546,P2-3-T-602-06,post04-5,PHA-1-3,5.3,0,0,5616.026432165364,11.8,0,100,0,treated,0,0,0
P2-3-T-602-06,Treatment,post10-11,P2-3-T-602-06.post10-11,P,PHA-1-602,134.6,10,12.977788717651402,22.956,100,1.8893542182169039,0.6931471805599453,2,33,6.5,2706,9.148802705276143,132.8789036033394,5.259037438096087,87.87890360333941,265.807212452007,0.9360447039184103,381.5,511,2391.5,-1357.5,240,835,2602,-1173,388,432,2378,-1598,2.692084608468959,-0.7667148512961546,P2-3-T-602-06,post10-11,PHA-1-3,2.7375000000000003,0,0,4942.103260305521,7.5375000000000005,0.05,99.95,0,treated,1,0.6589785831960462,5.714285714285714
P2-3-T-603-05,Treatment,01_Pre,P2-3-T-603-05.01_Pre,P,PHA-1-603,207.54,7,9.33258500401378,16.0692,70,1.929685577894023,0,0,29,31.25,2731,5.383999949986578,26.56505117707509,5.100986113602544,18.434948822924923,42.77543747706456,0.9092661319040868,380,514,2372.5,-1357.5,237,838,2583,-1173,385,435,2359,-1599,2.696380838183021,-0.7668343252752523,P2-3-T-603-05,01_Pre,PHA-1-3,4.3,0,0,7907.3652164888335,32.225,0,100,0,not_treated,0,0,0
P2-3-T-603-05,Treatment,post0-1,P2-3-T-603-05.post0-1,P,PHA-1-603,109.93,5,10.57147104238573,11.478,50,1.7365788151719281,0,0,27,28.5,2731,5.383999949986578,26.56505117707509,5.100986113602544,18.434948822924923,42.77543747706456,0.9092661319040868,380,514,2372.5,-1357.5,237,838,2583,-1173,385,435,2359,-1599,2.696380838183021,-0.7668343252752523,P2-3-T-603-05,post0-1,PHA-1-3,0.55,0,0,4447.892934274969,9,0,100,0,treated,0,0,0
P2-3-T-603-05,Treatment,post04-5,P2-3-T-603-05.post04-5,P,PHA-1-603,99.8,5,11.126814458774803,11.478,50,2.020889166904933,1.3862943611198906,4,29,26.75,2731,5.383999949986578,26.56505117707509,5.100986113602544,18.434948822924923,42.77543747706456,0.9092661319040868,380,514,2372.5,-1357.5,237,838,2583,-1173,385,435,2359,-1599,2.696380838183021,-0.7668343252752523,P2-3-T-603-05,post04-5,PHA-1-3,9.275,0,0,11606.454626475088,39.9,0.1,99.9,0,treated,1,0.25,12.121212121212121
P2-3-T-603-05,Treatment,post10-11,P2-3-T-603-05.post10-11,P,PHA-1-603,42.64,3,11.886827443294811,6.886799999999999,30,1.950017066814028,0,1,35,21.25,2731,5.383999949986578,26.56505117707509,5.100986113602544,18.434948822924923,42.77543747706456,0.9092661319040868,380,514,2372.5,-1357.5,237,838,2583,-1173,385,435,2359,-1599,2.696380838183021,-0.7668343252752523,P2-3-T-603-05,post10-11,PHA-1-3,5.325,142.85714285714286,0.48000000000000004,18285.782063130428,31.925,0.025,99.975,0.3920420877760237,treated,1,0.0782472613458529,2.7777777777777777
P2-3-T-604-01,Treatment,01_Pre,P2-3-T-604-01.01_Pre,P,PHA-1-604,332.03,12,9.188987974744553,27.547199999999997,120,2.0937041679495403,0,1,30,11.75,2742,6.831900498156138,309.2894068624992,5.468369071813749,95.71059313750078,250.16743397057633,0.9531139631663947,379.5,520,2373,-1339.5,237,843,2583,-1155,384,440,2358,-1581,2.6901996358070814,-0.7676478654588783,P2-3-T-604-01,01_Pre,PHA-1-3,5.525,0,0,23227.88532343595,29.65,0.025,99.975,0,not_treated,1,0.08424599831508005,3.225806451612903
P2-3-T-604-01,Treatment,post0-1,P2-3-T-604-01.post0-1,P,PHA-1-604,89.67,5,10.694952080304054,11.478,50,2.2333615910224145,0,1,24,19,2742,6.831900498156138,309.2894068624992,5.468369071813749,95.71059313750078,250.16743397057633,0.9531139631663947,379.5,520,2373,-1339.5,237,843,2583,-1155,384,440,2358,-1581,2.6901996358070814,-0.7676478654588783,P2-3-T-604-01,post0-1,PHA-1-3,2.775,0,0,4942.103260305521,8.075,0.025,99.975,0,treated,1,0.308641975308642,4
P2-3-T-604-01,Treatment,post04-5,P2-3-T-604-01.post04-5,P,PHA-1-604,109.89,8,12.565577981135608,18.3648,80,2.1975503436311747,0.6931471805599453,2,25,17.5,2742,6.831900498156138,309.2894068624992,5.468369071813749,95.71059313750078,250.16743397057633,0.9531139631663947,379.5,520,2373,-1339.5,237,843,2583,-1155,384,440,2358,-1581,2.6901996358070814,-0.7676478654588783,P2-3-T-604-01,post04-5,PHA-1-3,15.25,0,0,12355.258150763802,36.5,0.05,99.95,0,treated,1,0.13679890560875516,7.4074074074074066
P2-3-T-604-01,Treatment,post10-11,P2-3-T-604-01.post10-11,P,PHA-1-604,82.99,6,11.89663818059539,13.773599999999998,60,2.239970521651151,0.6931471805599453,2,34,15.75,2742,6.831900498156138,309.2894068624992,5.468369071813749,95.71059313750078,250.16743397057633,0.9531139631663947,379.5,520,2373,-1339.5,237,843,2583,-1155,384,440,2358,-1581,2.6901996358070814,-0.7676478654588783,P2-3-T-604-01,post10-11,PHA-1-3,10.275,197.56529411764706,72.55,15814.730432977667,34.9125,0.05,99.95,4.297965447047447,treated,1,0.14301036825169827,5.555555555555555
P2-3-T-606-01,Treatment,01_Pre,P2-3-T-606-01.01_Pre,P,PHA-1-606,153.48,9,14.949693419375974,20.6604,90,1.7696138726341133,0,0,25,6.75,2702,7.417193212601683,150.94539590092285,5.200200150488415,105.94539590092285,288.5372473555272,0.9623925093363006,383,518,2413.5,-1348,242,842,2624,-1163,390,438,2400,-1589,2.696717585113463,-0.7681628486377484,P2-3-T-606-01,01_Pre,PHA-1-3,4.525,0,0,6424.734238397177,19.4,0,100,0,not_treated,0,0,0
P2-3-T-606-01,Treatment,post0-1,P2-3-T-606-01.post0-1,P,PHA-1-606,51.92,6,17.524078672881302,13.773599999999998,60,1.2883604461146092,0,0,24,4,2702,7.417193212601683,150.94539590092285,5.200200150488415,105.94539590092285,288.5372473555272,0.9623925093363006,383,518,2413.5,-1348,242,842,2624,-1163,390,438,2400,-1589,2.696717585113463,-0.7681628486377484,P2-3-T-606-01,post0-1,PHA-1-3,2.275,0,0,12355.258150763802,12.4,0,100,0,treated,0,0,0
P2-3-T-606-01,Treatment,post04-5,P2-3-T-606-01.post04-5,P,PHA-1-606,51.02,6,17.67248331917919,13.773599999999998,60,1.7344885562962475,0.6931471805599453,2,28,5.5,2702,7.417193212601683,150.94539590092285,5.200200150488415,105.94539590092285,288.5372473555272,0.9623925093363006,383,518,2413.5,-1348,242,842,2624,-1163,390,438,2400,-1589,2.696717585113463,-0.7681628486377484,P2-3-T-606-01,post04-5,PHA-1-3,12.5,0,0,1872.0088107217884,42.15,0.05,99.95,0,treated,1,0.11848341232227488,6.666666666666667
P2-3-T-606-01,Treatment,post10-11,P2-3-T-606-01.post10-11,P,PHA-1-606,34.41,5,18.99615750619056,11.478,50,1.6095449756373916,0,0,29,6.75,2702,7.417193212601683,150.94539590092285,5.200200150488415,105.94539590092285,288.5372473555272,0.9623925093363006,383,518,2413.5,-1348,242,842,2624,-1163,390,438,2400,-1589,2.696717585113463,-0.7681628486377484,P2-3-T-606-01,post10-11,PHA-1-3,5.45,0,0,988.4206520611042,22.3875,0,100,0,treated,0,0,0
